Container_ID,Declaration_Date (YYYY-MM-DD),Declaration_Time,Origin_Country,Destination_Port,Destination_Country,HS_Code,Importer_ID,Exporter_ID,Declared_Value,Declared_Weight,Measured_Weight,Dwell_Time_Hours,Shipping_Line,Trade_Regime (Import / Export / Transit),Clearance_Status,is_risky
CONT291335,2024-05-31,10:02,AF,HKG,GB,6110,IMP1769,EXP7949,91937.39,4485.26,4549.02,8.4,MSC,IMPORT,Cleared,0
CONT428947,2024-11-15,04:56,LY,RTM,AU,6110,IMP4890,EXP9838,859.74,8108.97,8712.75,118.89,EVERGREEN,IMPORT,Flagged,1
CONT560337,2024-12-25,23:03,SO,LAX,GB,8703,IMP4843,EXP8989,285577.02,8667.68,10538.44,150.08,MSC,TRANSIT,Flagged,1
CONT679879,2024-07-31,17:15,SD,LAX,NL,6110,IMP5887,EXP5859,146818.04,18606.52,19370.38,18.37,HMM,IMPORT,Cleared,0
CONT807611,2024-05-14,02:08,KP,MUM,NL,8517,IMP4104,EXP8215,110492.02,6639.32,5245.1,1.1,ONE,IMPORT,Flagged,1
CONT723094,2024-09-11,10:13,JP,SHA,CH,2933,IMP1206,EXP6134,79670.74,12234.66,12402.72,46.76,PIL,IMPORT,Cleared,0
CONT479989,2024-10-10,04:01,KP,HAM,JP,2933,IMP3693,EXP4627,1421480.56,9727.95,12762.69,168.71,COSCO,RE-EXPORT,Under Review,1
CONT717075,2024-08-20,16:02,CH,SHA,NL,8703,IMP6575,EXP6530,74478.08,3319.67,3151.93,43.9,HMM,IMPORT,Cleared,0
CONT293075,2024-09-24,06:38,CH,LAX,CH,2710,IMP8280,EXP2636,106164.17,7414.69,7378.81,34.93,MAERSK,TEMP_IMPORT,Cleared,0
CONT842452,2024-06-20,08:25,DE,HKG,DE,3004,IMP5931,EXP4510,15038.36,10550.9,10678.79,16.26,YML,IMPORT,Pending,0
CONT151663,2024-12-14,16:02,SG,SGP,CA,7108,IMP7546,EXP2986,164204.22,9935.71,9922.18,39.13,CMA CGM,IMPORT,Cleared,0
CONT207512,2024-02-29,04:48,SO,LAX,CH,8471,IMP6423,EXP5548,361289.79,6264.79,1549.51,141.31,EVERGREEN,RE-EXPORT,Flagged,1
CONT757917,2024-04-08,04:24,LY,LAX,JP,8517,IMP3869,EXP1956,1581.76,10655.19,15192.18,191.76,HMM,IMPORT,Under Review,1
CONT671621,2024-12-30,01:50,VE,HKG,CA,9013,IMP4354,EXP1225,1713524.48,3092.93,6516.28,137.13,EVERGREEN,IMPORT,Flagged,1
CONT811851,2024-08-07,06:29,SO,DXB,US,8703,IMP2060,EXP3327,49886.13,17419.18,17532.55,25.96,MAERSK,IMPORT,Cleared,0
CONT613758,2024-02-23,14:57,PK,RTM,CH,9013,IMP3733,EXP4863,170971.65,17207.18,16770.05,17.94,MSC,TRANSIT,Cleared,0
CONT598863,2024-02-08,14:28,DE,HAM,CA,3004,IMP1537,EXP6986,62581.66,5829.11,5564.2,18.19,MSC,RE-EXPORT,Cleared,0
CONT224046,2024-04-01,08:33,CH,LAX,AU,3004,IMP1853,EXP5146,18833.48,1098.51,1059.52,21.46,HMM,IMPORT,Cleared,0
CONT213632,2024-09-20,11:52,CA,DXB,FR,3004,IMP6315,EXP5869,10947.55,12225.83,12407.38,5.64,COSCO,IMPORT,Cleared,0
CONT474710,2024-12-11,17:36,SG,HAM,CH,6110,IMP6949,EXP3838,67976.51,14795.74,14802.46,38.99,HMM,TRANSIT,Cleared,0
CONT566882,2024-03-16,04:25,IQ,RTM,AU,6110,IMP8253,EXP3744,1457732.25,6914.11,9885.63,138.14,EVERGREEN,IMPORT,Seized,1
CONT555968,2024-09-10,12:29,SD,DXB,GB,3004,IMP6881,EXP7665,97463.9,14369.5,14560.07,8.3,HAPAG,TRANSIT,Cleared,0
CONT249143,2024-06-26,04:34,YE,NYC,GB,8471,IMP6052,EXP3738,1399.53,9574.97,12329.65,0.2,EVERGREEN,TRANSIT,Under Review,1
CONT943890,2024-04-14,15:06,SG,SGP,DE,8542,IMP8668,EXP6745,18881.79,18201.66,18355.1,18.03,YML,TRANSIT,Cleared,0
CONT924273,2024-04-05,08:23,NL,SHA,GB,6110,IMP4440,EXP4766,87576.83,11411.47,11198.29,29.01,ONE,TRANSIT,Cleared,0
CONT940530,2024-05-23,23:52,IQ,DXB,GB,2710,IMP5491,EXP8192,289.97,7826.16,10079.44,187.89,COSCO,TRANSIT,Flagged,1
CONT625830,2024-06-22,06:12,AU,MUM,CA,8542,IMP7938,EXP3681,193887.13,15844.62,16706.73,34.27,MSC,IMPORT,Cleared,0
CONT743162,2024-07-20,02:25,SO,RTM,AU,3004,IMP5268,EXP5748,549701.87,5926.93,1465.31,1.15,MSC,IMPORT,Flagged,1
CONT922827,2024-06-21,03:31,IR,DXB,CH,8703,IMP6348,EXP7190,1393974.91,2204.13,100.0,108.57,HMM,IMPORT,Seized,1
CONT111023,2024-12-23,17:11,US,MUM,CH,6110,IMP7819,EXP4719,118941.29,12923.6,13080.46,43.65,PIL,IMPORT,Cleared,0
CONT218012,2024-03-22,19:50,FR,DXB,JP,2933,IMP1009,EXP3871,163690.03,19513.5,18393.79,34.13,MSC,IMPORT,Cleared,0
CONT370846,2024-11-06,03:05,YE,NYC,JP,6110,IMP6989,EXP2460,385792.09,11775.23,16717.98,0.65,ONE,TRANSIT,Under Review,1
CONT646237,2024-10-14,18:33,CH,MUM,GB,3004,IMP1249,EXP9865,52011.54,8179.16,8268.1,13.02,HAPAG,TRANSIT,Cleared,0
CONT585450,2024-04-12,19:37,PK,LAX,DE,8703,IMP7241,EXP9017,98608.96,16511.33,16716.26,22.5,CMA CGM,RE-EXPORT,Cleared,0
CONT465340,2024-05-17,06:55,CA,NYC,FR,8542,IMP3832,EXP4579,182541.9,9567.3,9952.5,17.11,COSCO,IMPORT,Cleared,0
CONT777775,2024-01-08,16:03,FR,MUM,CA,7108,IMP9472,EXP2887,71604.83,7600.85,7686.5,27.64,CMA CGM,IMPORT,Cleared,0
CONT441396,2024-11-21,18:00,AF,DXB,CA,2933,IMP1523,EXP3393,12969.38,4653.49,4462.01,11.43,MSC,IMPORT,Cleared,0
CONT195257,2024-10-18,18:00,NG,MUM,US,8471,IMP2276,EXP6811,20943.01,1746.93,1773.9,42.44,YML,IMPORT,Pending,0
CONT760482,2024-04-20,08:22,AU,LAX,AU,8542,IMP7949,EXP7882,145500.63,11094.05,11494.98,6.74,CMA CGM,IMPORT,Cleared,0
CONT499384,2024-03-08,18:09,FR,RTM,GB,2933,IMP7371,EXP5206,22394.84,4463.39,4622.68,27.55,HAPAG,IMPORT,Cleared,0
CONT962522,2024-12-30,07:05,US,DXB,SG,2933,IMP2460,EXP2733,78860.66,11724.71,11803.27,18.85,HAPAG,IMPORT,Pending,0
CONT843246,2024-05-13,04:53,SY,NYC,GB,9013,IMP6560,EXP5289,1700396.67,4633.88,3883.44,0.67,YML,IMPORT,Under Review,1
CONT888260,2024-05-18,15:35,FR,RTM,CA,8471,IMP1009,EXP1260,103984.02,4553.83,4449.56,14.67,ONE,IMPORT,Cleared,0
CONT227309,2024-05-16,22:33,PK,RTM,DE,2710,IMP3560,EXP6415,1231.71,1774.09,100.0,0.95,HAPAG,IMPORT,Under Review,1
CONT779290,2024-03-18,10:25,NG,SGP,JP,2933,IMP2065,EXP3136,44317.33,16110.08,15237.78,11.2,MSC,RE-EXPORT,Cleared,0
CONT511597,2024-11-04,12:39,SD,MUM,DE,2710,IMP2970,EXP9389,90555.21,18093.68,18477.95,29.41,HAPAG,IMPORT,Cleared,0
CONT675644,2024-02-07,12:56,CH,NYC,GB,6110,IMP1950,EXP3336,159834.91,3646.17,3887.74,31.28,COSCO,IMPORT,Cleared,0
CONT164772,2024-06-05,18:46,NG,SGP,SG,8517,IMP1094,EXP3674,78870.21,15338.07,15378.12,24.11,CMA CGM,IMPORT,Cleared,0
CONT494030,2024-12-11,13:45,NG,HAM,AU,9013,IMP1984,EXP8790,40411.55,7568.22,7353.13,43.97,YML,RE-EXPORT,Cleared,0
CONT562120,2024-08-01,19:10,GB,SHA,SG,8471,IMP6732,EXP4476,78014.9,18456.26,19123.44,7.03,PIL,RE-EXPORT,Cleared,0
CONT280760,2024-03-30,00:10,IQ,HKG,GB,8517,IMP9070,EXP9666,1254999.35,13113.5,11590.22,0.57,MSC,RE-EXPORT,Seized,1
CONT318967,2024-06-09,11:48,NG,HKG,FR,8542,IMP6588,EXP1966,32467.12,9596.35,9789.94,11.76,MAERSK,TEMP_IMPORT,Cleared,0
CONT841804,2024-10-12,03:15,YE,MUM,US,2710,IMP3065,EXP1768,688.88,1737.57,407.49,1.15,CMA CGM,IMPORT,Flagged,1
CONT962061,2024-06-10,08:32,PK,SHA,CH,3004,IMP8643,EXP4462,25081.39,10140.67,10624.9,18.71,YML,IMPORT,Cleared,0
CONT139986,2024-04-06,10:27,SG,MUM,JP,8517,IMP8970,EXP3143,103574.04,4726.15,4723.61,30.18,YML,TRANSIT,Cleared,0
CONT267292,2024-02-05,10:28,NG,LAX,JP,8517,IMP7852,EXP7035,21950.38,19290.34,18310.43,31.86,PIL,RE-EXPORT,Cleared,0
CONT238155,2024-12-20,07:51,AU,HAM,FR,8703,IMP2387,EXP3679,126709.04,6093.21,5928.6,22.01,ONE,TRANSIT,Cleared,0
CONT942393,2024-01-29,19:44,JP,LAX,GB,3004,IMP9996,EXP1074,83497.26,10736.7,11016.84,13.59,HAPAG,RE-EXPORT,Cleared,0
CONT851883,2024-08-24,22:56,MM,DXB,DE,3004,IMP3969,EXP4028,1045183.3,4473.8,2150.18,0.12,PIL,IMPORT,Flagged,1
CONT880298,2024-06-12,10:48,CA,SHA,SG,9013,IMP2333,EXP5150,21145.74,15022.64,15499.06,30.54,YML,RE-EXPORT,Cleared,0
CONT278376,2024-06-02,16:01,US,DXB,DE,2933,IMP3343,EXP6136,169098.28,6128.31,5901.82,41.24,MAERSK,IMPORT,Pending,0
CONT713217,2024-01-12,08:18,CH,DXB,CA,8471,IMP4004,EXP6136,19807.02,9733.95,9776.36,7.42,PIL,TRANSIT,Cleared,0
CONT771256,2024-03-29,11:11,PK,HAM,SG,2933,IMP9044,EXP9238,162279.42,11296.12,11424.96,32.99,PIL,IMPORT,Cleared,0
CONT442703,2024-11-23,14:49,CH,SHA,JP,8517,IMP4294,EXP6085,183520.22,11790.96,12006.94,5.49,COSCO,RE-EXPORT,Cleared,0
CONT590457,2024-07-01,16:22,CH,SHA,SG,9013,IMP7640,EXP6468,114332.05,13246.39,12740.08,25.17,HAPAG,IMPORT,Pending,0
CONT830892,2024-05-20,07:17,SO,RTM,AU,3004,IMP3032,EXP9436,175949.75,9109.52,9495.96,22.37,HMM,IMPORT,Cleared,0
CONT656701,2024-11-19,19:17,NL,DXB,SG,2933,IMP9623,EXP9896,148828.55,15597.19,14810.24,14.51,EVERGREEN,TEMP_IMPORT,Cleared,0
CONT756166,2024-11-14,10:45,US,MUM,CA,8517,IMP8878,EXP6690,29265.32,8440.97,7995.64,46.08,YML,RE-EXPORT,Cleared,0
CONT933032,2024-04-08,11:19,FR,HAM,AU,8471,IMP8657,EXP3466,191667.7,16782.21,16572.83,40.35,MSC,IMPORT,Cleared,0
CONT134701,2024-12-22,14:33,JP,DEL,GB,9013,IMP8490,EXP2218,48765.91,16500.83,16449.32,13.85,HMM,RE-EXPORT,Cleared,0
CONT186988,2024-03-21,01:49,LY,MUM,FR,2710,IMP3745,EXP2591,808.11,14008.05,13116.61,78.24,YML,TRANSIT,Flagged,1
CONT781652,2024-06-18,18:35,AF,HKG,NL,3004,IMP1556,EXP3808,52830.68,14944.29,15438.19,10.92,CMA CGM,RE-EXPORT,Cleared,0
CONT620551,2024-08-10,23:33,SD,MUM,US,2710,IMP2007,EXP6445,1654137.35,3815.06,2591.65,0.46,CMA CGM,TRANSIT,Seized,1
CONT827955,2024-12-17,11:35,SO,LAX,GB,7108,IMP2040,EXP9073,81469.49,16962.31,16994.68,11.9,HAPAG,IMPORT,Cleared,0
CONT131598,2024-03-19,06:31,NG,RTM,CA,8542,IMP4356,EXP9707,120907.19,17195.88,18238.16,20.88,MAERSK,IMPORT,Cleared,0
CONT384186,2024-07-13,19:16,IQ,MUM,GB,6110,IMP7446,EXP5179,140268.03,16101.38,15743.99,13.71,HAPAG,TRANSIT,Cleared,0
CONT531374,2024-07-26,17:26,NG,MUM,DE,2933,IMP6776,EXP4676,46555.42,8777.35,8713.82,5.37,EVERGREEN,IMPORT,Cleared,0
CONT938530,2024-02-15,17:14,DE,DEL,CH,3004,IMP2875,EXP2763,127112.96,15459.46,15622.73,9.77,HMM,IMPORT,Cleared,0
CONT257661,2024-11-15,10:17,IQ,HKG,DE,2933,IMP3043,EXP5197,89483.12,13378.87,13736.38,47.31,HMM,IMPORT,Cleared,0
CONT720635,2024-05-27,11:32,SG,HAM,CA,9013,IMP7047,EXP9032,25044.52,3772.52,3578.11,29.12,MSC,IMPORT,Cleared,0
CONT821001,2024-10-31,07:39,SD,RTM,DE,8703,IMP3056,EXP7917,30879.57,1630.86,1622.1,28.97,HMM,IMPORT,Cleared,0
CONT854122,2024-03-24,16:15,DE,SGP,AU,8703,IMP1021,EXP9601,189733.34,18768.83,18356.74,31.51,CMA CGM,IMPORT,Cleared,0
CONT978879,2024-11-02,22:43,VE,LAX,AU,8703,IMP8057,EXP1661,1756.39,11009.99,12621.95,0.56,EVERGREEN,TEMP_IMPORT,Flagged,1
CONT608062,2024-01-24,06:19,JP,DXB,FR,7108,IMP4453,EXP7675,86587.96,2549.0,2444.26,12.96,YML,IMPORT,Cleared,0
CONT486821,2024-10-21,07:41,NL,RTM,GB,2710,IMP5732,EXP4714,146425.24,9333.69,9200.92,25.41,MSC,TRANSIT,Pending,0
CONT276037,2024-02-10,10:53,JP,MUM,FR,3004,IMP4155,EXP9321,128345.4,15744.0,16526.63,20.41,ONE,IMPORT,Cleared,0
CONT853315,2024-10-27,17:22,NL,HAM,SG,2710,IMP1629,EXP1269,172307.32,8581.87,8185.28,4.4,PIL,IMPORT,Cleared,0
CONT282958,2024-07-22,14:36,NL,NYC,FR,8471,IMP3203,EXP2390,142821.56,9186.86,9365.71,11.35,HAPAG,IMPORT,Cleared,0
CONT796595,2024-06-29,04:49,LY,MUM,CH,8517,IMP8473,EXP6342,198223.99,1327.76,100.0,0.73,YML,IMPORT,Flagged,1
CONT497686,2024-01-08,07:49,PK,DXB,CH,8471,IMP7812,EXP8519,29519.59,11112.65,10648.59,9.84,HAPAG,RE-EXPORT,Cleared,0
CONT201376,2024-05-26,22:30,PK,DXB,GB,6110,IMP9125,EXP4291,563.88,12652.67,14837.01,145.04,MSC,TEMP_IMPORT,Flagged,1
CONT435441,2024-10-05,03:18,SO,NYC,DE,9013,IMP9189,EXP1454,271915.22,6400.17,10286.09,123.73,HMM,IMPORT,Under Review,1
CONT949881,2024-09-23,17:34,CH,MUM,CA,8542,IMP3989,EXP7228,92495.26,8527.28,8300.84,14.45,PIL,TEMP_IMPORT,Cleared,0
CONT435914,2024-12-08,10:05,PK,LAX,GB,6110,IMP1406,EXP5431,71543.33,1487.2,1556.47,20.73,EVERGREEN,RE-EXPORT,Cleared,0
CONT848013,2024-01-27,10:28,NG,RTM,GB,9013,IMP8311,EXP1105,42938.87,8221.42,8197.52,11.32,COSCO,TRANSIT,Cleared,0
CONT172588,2024-06-07,15:06,AF,MUM,AU,8471,IMP9105,EXP9636,28767.79,8857.43,8482.89,11.97,PIL,RE-EXPORT,Cleared,0
CONT844149,2024-08-07,11:08,CA,HAM,FR,2933,IMP1009,EXP6752,128464.52,16313.86,16030.5,45.86,PIL,RE-EXPORT,Cleared,0
CONT975352,2024-05-25,12:18,CH,SGP,CH,8542,IMP4040,EXP1482,63901.8,5857.25,5868.45,36.21,MSC,IMPORT,Pending,0
CONT893853,2024-09-14,18:34,CA,SHA,NL,6110,IMP7780,EXP7602,111606.0,1449.13,1502.37,14.21,ONE,IMPORT,Cleared,0
CONT735232,2024-06-12,13:02,GB,DEL,FR,9013,IMP6472,EXP6189,117785.45,14762.44,15481.4,16.06,HMM,TRANSIT,Cleared,0
CONT698357,2024-11-21,11:01,PK,SHA,CH,8517,IMP4874,EXP5211,110302.32,2284.64,2242.02,42.72,YML,IMPORT,Cleared,0
CONT727035,2024-04-24,22:39,SO,HKG,AU,6110,IMP7099,EXP9555,1118072.6,9706.92,8302.72,72.16,MAERSK,RE-EXPORT,Seized,1
CONT634003,2024-08-13,17:13,CA,SGP,CA,8471,IMP6782,EXP7257,158640.89,5883.9,6007.7,42.05,MSC,IMPORT,Cleared,0
CONT689738,2024-05-22,08:21,NL,DXB,CA,7108,IMP5107,EXP1560,92204.5,11522.24,11229.08,30.43,PIL,IMPORT,Cleared,0
CONT178222,2024-06-11,09:01,SD,LAX,NL,2710,IMP8373,EXP6907,174271.05,17681.51,16832.26,39.46,MSC,TRANSIT,Cleared,0
CONT790658,2024-01-25,09:12,NL,DXB,JP,8517,IMP3964,EXP8137,32143.61,10107.73,10384.4,43.52,COSCO,IMPORT,Cleared,0
CONT807548,2024-11-11,09:05,PK,LAX,DE,3004,IMP7610,EXP7430,28796.84,15757.75,15002.46,30.15,CMA CGM,IMPORT,Pending,0
CONT721827,2024-09-16,00:38,SY,MUM,US,8471,IMP2382,EXP2403,1420566.93,7526.72,8286.74,81.55,COSCO,IMPORT,Flagged,1
CONT955684,2024-07-01,10:01,CA,DXB,CA,8703,IMP5837,EXP8758,76713.07,9095.58,8722.61,22.22,EVERGREEN,TRANSIT,Cleared,0
CONT610259,2024-09-12,04:54,MM,DXB,FR,8542,IMP6827,EXP9737,1295667.73,3620.43,100.0,1.44,COSCO,IMPORT,Flagged,1
CONT153352,2024-07-10,18:16,JP,MUM,US,2933,IMP9616,EXP7272,81922.87,8141.88,8086.98,24.22,MSC,IMPORT,Cleared,0
CONT778832,2024-03-19,11:16,CH,SHA,SG,9013,IMP8340,EXP8083,165900.78,18676.06,19129.29,25.8,MAERSK,IMPORT,Cleared,0
CONT749714,2024-01-28,02:50,KP,HAM,JP,6110,IMP9964,EXP7493,235387.78,11320.01,10495.63,0.81,HAPAG,TRANSIT,Flagged,1
CONT790504,2024-02-18,13:35,CA,SGP,NL,2933,IMP9569,EXP5285,105358.23,2569.74,2514.97,43.55,MSC,IMPORT,Cleared,0
CONT170119,2024-11-10,01:13,VE,HAM,NL,2933,IMP3461,EXP1685,1642.36,2152.37,100.0,0.32,MAERSK,TRANSIT,Under Review,1
CONT722893,2024-12-25,19:45,SO,SHA,SG,3004,IMP9789,EXP9853,111083.23,7021.53,6947.81,31.99,HMM,RE-EXPORT,Cleared,0
CONT895326,2024-04-27,22:18,IR,SHA,JP,3004,IMP7251,EXP8295,1933746.51,2410.07,1496.65,1.28,EVERGREEN,IMPORT,Seized,1
CONT484865,2024-01-10,08:20,SO,SHA,CH,8517,IMP3159,EXP6132,149633.85,16423.29,16694.02,42.78,HMM,IMPORT,Cleared,0
CONT724771,2024-04-20,03:03,AF,SGP,CH,8542,IMP2013,EXP1226,1541.49,1012.01,462.37,0.56,PIL,IMPORT,Flagged,1
CONT673156,2024-12-01,08:57,SG,SHA,SG,7108,IMP4959,EXP1161,83453.79,4389.08,4334.28,42.47,MSC,TRANSIT,Cleared,0
CONT761616,2024-07-01,01:32,LY,LAX,AU,7108,IMP2136,EXP3810,1591.3,9729.11,8965.64,0.39,HMM,RE-EXPORT,Flagged,1
CONT507688,2024-03-30,19:15,US,DXB,AU,2933,IMP9691,EXP9329,101752.44,13113.51,12648.99,11.84,MSC,IMPORT,Cleared,0
CONT837266,2024-03-09,19:28,SD,DXB,CH,7108,IMP3096,EXP9895,63251.49,16802.24,16873.26,45.39,EVERGREEN,TRANSIT,Cleared,0
CONT641357,2024-11-11,11:43,SD,DEL,NL,7108,IMP7868,EXP2431,101809.92,14830.85,14044.02,23.22,PIL,IMPORT,Cleared,0
CONT589066,2024-03-24,09:17,JP,HAM,SG,2933,IMP1689,EXP5000,169733.94,6236.63,6036.58,15.8,ONE,IMPORT,Cleared,0
CONT495755,2024-05-21,15:56,SO,DXB,CH,8542,IMP7164,EXP4670,192861.91,13612.0,12821.21,28.65,PIL,IMPORT,Pending,0
CONT229350,2024-03-26,15:54,JP,NYC,NL,8471,IMP1572,EXP8521,27248.68,19468.1,18524.79,10.65,PIL,IMPORT,Cleared,0
CONT707745,2024-01-22,10:47,US,DEL,FR,8517,IMP7985,EXP1097,20936.44,11327.23,11723.02,24.17,CMA CGM,TRANSIT,Cleared,0
CONT768179,2024-06-02,12:03,SG,SGP,FR,8703,IMP6774,EXP7519,195722.05,15952.43,15807.68,38.94,YML,RE-EXPORT,Cleared,0
CONT181816,2024-09-04,06:02,PK,MUM,DE,8471,IMP2577,EXP3274,189594.4,5854.37,5711.24,28.65,HAPAG,IMPORT,Cleared,0
CONT368854,2024-02-16,10:14,NG,MUM,SG,8517,IMP7971,EXP4525,60991.9,8227.98,8255.94,38.89,MSC,IMPORT,Cleared,0
CONT919812,2024-06-24,12:42,JP,DXB,SG,7108,IMP8133,EXP7509,37926.57,18046.54,17267.86,26.31,HAPAG,RE-EXPORT,Cleared,0
CONT896184,2024-05-10,01:32,AF,SGP,FR,2933,IMP8833,EXP7788,1969809.61,5135.17,2755.24,199.63,CMA CGM,IMPORT,Flagged,1
CONT836983,2024-08-13,14:21,GB,RTM,FR,8542,IMP5079,EXP4348,197672.79,18445.95,18604.21,43.66,YML,IMPORT,Cleared,0
CONT439119,2024-05-29,14:16,JP,DXB,AU,2710,IMP9915,EXP7049,72848.58,3697.47,3649.9,23.82,MSC,IMPORT,Cleared,0
CONT543316,2024-10-28,01:51,PK,SGP,JP,8471,IMP5646,EXP1392,1690378.14,2923.41,4445.72,0.58,CMA CGM,IMPORT,Flagged,1
CONT174567,2024-07-08,09:34,JP,RTM,FR,7108,IMP9472,EXP1423,26642.95,18236.71,18604.67,23.67,YML,IMPORT,Cleared,0
CONT569164,2024-11-22,14:13,CA,DEL,GB,3004,IMP2531,EXP3990,61982.55,17308.49,18295.01,44.07,COSCO,IMPORT,Cleared,0
CONT302435,2024-03-08,19:27,AF,MUM,NL,8517,IMP8804,EXP8789,165784.29,2298.48,2181.24,7.27,HAPAG,RE-EXPORT,Cleared,0
CONT172692,2024-07-19,01:08,KP,SGP,US,2710,IMP5577,EXP1727,608.78,3972.9,2189.09,1.3,MAERSK,IMPORT,Flagged,1
CONT188668,2024-08-19,15:20,SG,RTM,GB,8703,IMP4740,EXP2846,89746.21,7021.99,7133.28,38.05,ONE,IMPORT,Cleared,0
CONT664485,2024-08-01,12:24,PK,LAX,CA,8471,IMP7716,EXP5875,122126.96,10265.67,10396.33,36.72,HAPAG,IMPORT,Cleared,0
CONT420701,2024-05-15,22:42,LY,SGP,US,8471,IMP5697,EXP1340,992.51,14587.22,11958.85,0.49,EVERGREEN,IMPORT,Seized,1
CONT552372,2024-11-02,06:58,NG,SHA,SG,3004,IMP4112,EXP6670,59175.3,1843.37,1851.29,39.93,CMA CGM,IMPORT,Cleared,0
CONT854651,2024-09-06,06:04,AF,MUM,CH,2933,IMP9365,EXP4741,181984.15,8496.95,8037.31,35.42,ONE,IMPORT,Cleared,0
CONT965363,2024-04-22,08:32,DE,HAM,SG,2710,IMP3702,EXP6889,79848.58,3175.27,3024.36,24.07,HMM,TRANSIT,Cleared,0
CONT570529,2024-04-02,16:37,AF,RTM,FR,9013,IMP7401,EXP5008,124451.83,1192.49,1217.83,42.44,CMA CGM,IMPORT,Cleared,0
CONT331496,2024-05-01,04:29,YE,LAX,AU,2710,IMP3242,EXP4243,752017.97,13696.95,16710.84,0.19,HMM,IMPORT,Flagged,1
CONT988097,2024-06-04,13:36,SO,SHA,AU,7108,IMP7564,EXP5928,77160.21,1233.88,1242.52,5.21,MAERSK,RE-EXPORT,Cleared,0
CONT441383,2024-06-24,11:51,CH,MUM,FR,8703,IMP2054,EXP6744,18983.82,13270.63,12708.22,22.02,MSC,IMPORT,Cleared,0
CONT876676,2024-05-01,03:36,VE,HAM,CH,6110,IMP7789,EXP1785,496841.73,14478.25,15425.11,0.32,HMM,TEMP_IMPORT,Flagged,1
CONT509064,2024-10-31,10:12,IQ,LAX,FR,8703,IMP5916,EXP6498,11032.84,3880.1,4021.34,46.71,ONE,IMPORT,Cleared,0
CONT971808,2024-04-01,09:23,SO,RTM,JP,8517,IMP7652,EXP7416,137090.53,14471.26,14484.5,14.34,CMA CGM,RE-EXPORT,Cleared,0
CONT921860,2024-06-12,10:53,NL,RTM,US,6110,IMP9458,EXP2708,94981.87,16057.91,15421.0,36.16,HAPAG,IMPORT,Cleared,0
CONT195071,2024-03-10,15:54,PK,HAM,GB,7108,IMP8269,EXP9125,11719.95,2097.08,2074.33,46.66,YML,IMPORT,Pending,0
CONT384334,2024-08-26,07:03,SO,SHA,JP,2710,IMP4119,EXP2863,117569.41,10354.18,10965.46,42.09,COSCO,IMPORT,Pending,0
CONT317770,2024-11-18,11:53,US,HAM,CA,8542,IMP1276,EXP2999,127185.54,17968.71,18288.68,44.76,MSC,IMPORT,Cleared,0
CONT898022,2024-01-30,06:06,SD,RTM,SG,8471,IMP4363,EXP1024,6728.34,19191.51,17498.6,47.9,EVERGREEN,TRANSIT,Cleared,0
CONT906242,2024-03-12,04:02,AF,LAX,CA,2710,IMP6242,EXP9549,1780406.12,11649.38,15790.7,134.42,MSC,IMPORT,Flagged,1
CONT885858,2024-08-02,07:13,CH,MUM,AU,3004,IMP4701,EXP3780,143471.46,5602.39,5406.42,33.34,ONE,IMPORT,Cleared,0
CONT523966,2024-12-02,14:54,NL,SHA,CA,8542,IMP8651,EXP6575,11565.49,5166.21,5155.13,13.44,HAPAG,IMPORT,Cleared,0
CONT942503,2024-01-12,16:54,SD,LAX,AU,8517,IMP8927,EXP8016,61544.17,9800.28,9574.78,28.78,MAERSK,IMPORT,Cleared,0
CONT643296,2024-04-16,23:18,VE,DEL,NL,8517,IMP5523,EXP6571,1208.21,1179.35,4350.04,0.11,COSCO,RE-EXPORT,Flagged,1
CONT794489,2024-11-11,15:26,JP,DEL,AU,9013,IMP8094,EXP7318,78577.02,18288.92,17721.54,46.42,ONE,IMPORT,Cleared,0
CONT903940,2024-10-30,15:38,FR,DEL,US,2710,IMP4374,EXP2519,25546.16,19354.9,18742.1,38.4,MSC,TRANSIT,Cleared,0
CONT645096,2024-06-14,07:10,NL,HKG,NL,9013,IMP3005,EXP3016,154675.69,1994.75,2058.09,22.33,COSCO,TRANSIT,Cleared,0
CONT609452,2024-11-08,16:48,DE,HKG,JP,8703,IMP2673,EXP7708,96290.06,8499.95,8535.22,29.48,EVERGREEN,TRANSIT,Cleared,0
CONT807173,2024-01-17,14:11,CA,HKG,JP,7108,IMP8703,EXP9931,8768.89,7409.57,7334.01,9.47,PIL,IMPORT,Cleared,0
CONT486721,2024-05-13,15:06,GB,DXB,NL,2933,IMP9224,EXP7198,30646.06,9643.46,9392.96,41.71,PIL,IMPORT,Cleared,0
CONT479039,2024-11-26,08:07,PK,NYC,NL,3004,IMP9835,EXP9386,63461.1,1025.72,1003.59,32.44,HMM,RE-EXPORT,Pending,0
CONT357354,2024-05-22,09:31,AF,HKG,DE,2933,IMP6690,EXP8659,191769.01,15201.44,14884.47,45.48,ONE,IMPORT,Cleared,0
CONT656718,2024-02-21,09:37,CH,MUM,US,8703,IMP3606,EXP9350,58866.28,6987.79,6979.16,47.19,HMM,TRANSIT,Cleared,0
CONT860084,2024-02-15,18:04,DE,HKG,CH,8703,IMP3645,EXP7589,31183.6,1148.99,1120.2,46.15,MSC,IMPORT,Cleared,0
CONT128328,2024-09-28,01:03,VE,RTM,CA,9013,IMP8866,EXP8160,497452.38,8632.68,11137.62,199.36,EVERGREEN,IMPORT,Under Review,1
CONT396208,2024-04-16,18:42,AU,DXB,DE,8517,IMP1929,EXP6366,7540.77,5065.18,5382.7,4.62,YML,IMPORT,Cleared,0
CONT258763,2024-05-16,18:36,SO,HAM,CA,7108,IMP2636,EXP9155,157363.02,6890.0,6840.2,46.25,PIL,RE-EXPORT,Cleared,0
CONT512918,2024-06-03,02:33,SD,RTM,SG,8471,IMP4743,EXP9792,281258.63,3079.38,100.0,0.66,ONE,IMPORT,Flagged,1
CONT145740,2024-04-25,06:28,FR,SGP,DE,6110,IMP4162,EXP2105,16252.07,1619.74,1544.63,23.55,COSCO,RE-EXPORT,Cleared,0
CONT405505,2024-08-24,06:40,CH,SGP,CA,6110,IMP8423,EXP3871,48066.29,18446.54,18454.44,5.71,CMA CGM,IMPORT,Cleared,0
CONT161844,2024-05-11,13:22,JP,HAM,FR,7108,IMP2422,EXP4180,73844.83,6367.43,6185.2,43.34,YML,IMPORT,Pending,0
CONT245342,2024-07-07,13:35,AU,LAX,SG,9013,IMP4075,EXP1289,62572.15,1623.38,1556.12,42.7,HMM,IMPORT,Cleared,0
CONT447220,2024-11-12,01:19,LY,RTM,CA,2710,IMP9533,EXP6934,1554538.83,13999.64,12924.24,0.19,COSCO,TEMP_IMPORT,Under Review,1
CONT649999,2024-07-24,19:56,IQ,HKG,FR,7108,IMP6141,EXP9501,86109.06,13172.08,13719.43,37.4,EVERGREEN,IMPORT,Cleared,0
CONT913560,2024-09-29,15:03,AU,SGP,CA,2933,IMP6754,EXP3800,157223.18,11345.44,11062.79,29.69,MAERSK,TRANSIT,Pending,0
CONT839804,2024-03-13,01:12,SO,HKG,NL,8703,IMP2363,EXP3292,1457220.61,7007.8,10645.24,0.27,CMA CGM,IMPORT,Under Review,1
CONT433713,2024-12-04,09:42,SO,SGP,GB,2710,IMP3535,EXP5173,189682.68,11679.38,11862.46,25.84,PIL,TRANSIT,Cleared,0
CONT925626,2024-12-01,06:05,AU,MUM,FR,2710,IMP9850,EXP3763,111553.91,5464.49,5610.46,46.55,PIL,RE-EXPORT,Cleared,0
CONT505105,2024-09-28,12:54,PK,RTM,SG,2710,IMP5595,EXP5559,174925.74,6510.87,6623.22,33.6,YML,IMPORT,Cleared,0
CONT363031,2024-02-28,10:32,SD,LAX,CA,2933,IMP1018,EXP5821,187323.91,8422.96,8330.35,22.94,EVERGREEN,IMPORT,Pending,0
CONT874504,2024-02-26,01:07,YE,HAM,CH,8542,IMP7160,EXP1517,1301336.09,14739.72,18261.37,148.94,PIL,IMPORT,Flagged,1
CONT145833,2024-04-07,12:24,FR,RTM,JP,8517,IMP6755,EXP7309,118525.73,4606.49,4429.58,13.0,HAPAG,IMPORT,Cleared,0
CONT868917,2024-11-18,07:05,NG,HAM,FR,2933,IMP8519,EXP5195,22953.06,2436.09,2429.99,30.36,MSC,RE-EXPORT,Cleared,0
CONT888245,2024-12-21,10:33,CH,DEL,SG,8471,IMP5396,EXP1816,124390.34,9532.61,9585.71,13.38,HMM,IMPORT,Pending,0
CONT702801,2024-08-31,16:58,GB,DXB,CA,2933,IMP4676,EXP3426,46860.23,14788.79,15420.77,33.26,HMM,IMPORT,Cleared,0
CONT321552,2024-09-01,13:22,PK,SGP,AU,8471,IMP7136,EXP6485,129349.21,12652.54,12917.34,14.65,EVERGREEN,IMPORT,Cleared,0
CONT781509,2024-05-06,15:18,NG,SGP,DE,9013,IMP2993,EXP1869,136209.98,9719.87,9918.75,7.57,MAERSK,IMPORT,Pending,0
CONT334864,2024-10-10,14:32,SG,HKG,AU,6110,IMP5744,EXP2873,77367.02,2300.72,2403.37,44.51,YML,TRANSIT,Cleared,0
CONT255489,2024-03-03,17:21,CH,HAM,DE,2933,IMP7915,EXP9326,91296.38,5719.29,5615.34,32.57,HAPAG,IMPORT,Pending,0
CONT771314,2024-10-17,23:03,LY,DXB,GB,8471,IMP1195,EXP3187,403.04,10837.92,14286.2,172.67,YML,IMPORT,Seized,1
CONT453827,2024-04-19,12:41,AF,NYC,FR,8542,IMP3854,EXP8024,166568.34,7721.99,8120.3,38.73,EVERGREEN,RE-EXPORT,Cleared,0
CONT980214,2024-05-20,01:31,SD,SGP,FR,3004,IMP6164,EXP6520,1386187.49,5558.91,1194.23,0.75,ONE,IMPORT,Seized,1
CONT199977,2024-04-24,08:35,CA,LAX,CH,2933,IMP8178,EXP3294,72319.84,15999.21,16178.86,22.22,HAPAG,IMPORT,Cleared,0
CONT673458,2024-07-13,19:09,SD,MUM,US,8542,IMP9640,EXP2948,125178.59,19237.39,18176.35,28.5,MSC,IMPORT,Cleared,0
CONT433840,2024-03-11,13:12,US,DXB,CH,8542,IMP6126,EXP1816,123099.39,12996.96,12601.63,9.16,ONE,IMPORT,Cleared,0
CONT732405,2024-12-01,22:40,AF,RTM,NL,2710,IMP7773,EXP4816,521.61,1501.17,100.0,73.28,ONE,IMPORT,Seized,1
CONT794119,2024-10-18,03:14,SD,SGP,NL,2933,IMP5780,EXP5177,1330.77,13297.12,12736.96,98.04,MSC,IMPORT,Flagged,1
CONT573146,2024-03-02,11:03,GB,SGP,SG,8542,IMP7239,EXP9026,114016.56,19946.46,19997.74,18.13,MSC,TRANSIT,Cleared,0
CONT898009,2024-07-27,19:34,PK,DXB,AU,2710,IMP8871,EXP9235,88083.84,13007.78,13048.35,28.11,ONE,TRANSIT,Cleared,0
CONT297097,2024-09-01,15:21,CA,HAM,GB,8542,IMP4516,EXP4340,182104.56,15249.58,14984.67,37.38,HAPAG,IMPORT,Cleared,0
CONT577697,2024-06-26,06:11,NL,RTM,CH,8542,IMP5886,EXP8485,182028.51,5588.51,5526.39,26.31,MAERSK,IMPORT,Cleared,0
CONT361497,2024-04-19,17:12,IQ,SGP,FR,3004,IMP8957,EXP4046,150905.4,13098.47,12546.15,13.9,EVERGREEN,RE-EXPORT,Cleared,0
CONT967196,2024-04-05,10:34,AU,DXB,CA,9013,IMP2837,EXP1689,150828.52,19682.81,20075.82,10.63,HAPAG,IMPORT,Cleared,0
CONT543842,2024-12-30,23:26,VE,RTM,CH,8471,IMP3850,EXP3964,1668289.76,11175.32,6192.61,162.48,CMA CGM,IMPORT,Flagged,1
CONT853492,2024-05-04,03:09,KP,RTM,FR,2933,IMP1067,EXP6660,1285.11,5026.85,5591.56,88.98,CMA CGM,IMPORT,Seized,1
CONT610491,2024-07-15,07:58,NG,DXB,AU,2710,IMP6780,EXP3827,116049.47,11997.96,12248.95,42.21,MSC,TRANSIT,Cleared,0
CONT618420,2024-05-12,13:22,GB,DEL,AU,2933,IMP3505,EXP1917,167402.22,18858.7,19228.99,19.95,CMA CGM,TRANSIT,Pending,0
CONT537651,2024-04-21,18:32,US,SHA,DE,9013,IMP2141,EXP5627,142502.13,4407.76,4408.54,24.03,HAPAG,IMPORT,Cleared,0
CONT480714,2024-05-29,17:19,SD,MUM,SG,9013,IMP8129,EXP6021,130302.63,17750.7,18381.29,7.46,MAERSK,TRANSIT,Cleared,0
CONT205686,2024-03-28,13:08,SO,RTM,FR,2710,IMP3259,EXP2257,121371.4,14122.92,14249.93,26.07,MAERSK,TRANSIT,Pending,0
CONT715324,2024-01-11,06:33,SG,LAX,CH,3004,IMP3411,EXP3617,72763.88,18874.69,18623.19,23.16,MSC,IMPORT,Cleared,0
CONT461309,2024-02-25,02:09,SO,SHA,SG,8471,IMP8587,EXP9828,1542.66,1584.91,422.17,0.26,COSCO,IMPORT,Seized,1
CONT844822,2024-01-11,11:27,IQ,DXB,DE,8703,IMP2289,EXP2447,19913.59,15759.26,15914.98,47.42,YML,TRANSIT,Cleared,0
CONT324021,2024-03-29,07:47,SD,LAX,NL,2710,IMP6067,EXP9080,82163.05,17632.71,17798.3,35.47,PIL,IMPORT,Cleared,0
CONT805356,2024-07-26,10:08,AU,HKG,DE,2710,IMP7587,EXP1226,154206.26,11688.55,11675.34,45.38,MSC,IMPORT,Cleared,0
CONT907221,2024-05-11,14:38,NG,MUM,CH,2933,IMP2695,EXP4258,190531.74,15486.49,15373.42,11.72,HAPAG,IMPORT,Cleared,0
CONT958823,2024-09-03,11:07,FR,DEL,CA,8703,IMP5482,EXP1698,47648.41,6294.22,6237.6,12.04,MAERSK,TRANSIT,Cleared,0
CONT809132,2024-02-14,11:41,FR,LAX,GB,8471,IMP9467,EXP3547,47550.47,4327.34,4184.24,42.46,MAERSK,IMPORT,Cleared,0
CONT191911,2024-11-10,12:25,IQ,SHA,SG,6110,IMP9347,EXP6592,62320.07,4790.6,4888.52,14.43,ONE,IMPORT,Pending,0
CONT281871,2024-02-24,19:16,US,MUM,FR,2710,IMP7771,EXP1142,143083.76,14377.58,14302.82,24.93,HMM,IMPORT,Cleared,0
CONT568011,2024-08-14,11:10,FR,LAX,US,2933,IMP4871,EXP2806,11807.75,1954.62,1990.23,28.25,MAERSK,TRANSIT,Cleared,0
CONT478336,2024-08-08,16:20,SG,DXB,US,9013,IMP5485,EXP9100,161281.93,6339.95,6260.79,21.25,CMA CGM,IMPORT,Cleared,0
CONT666118,2024-06-04,13:58,JP,NYC,JP,8703,IMP2051,EXP8538,62040.7,8953.06,8649.54,18.62,COSCO,TRANSIT,Cleared,0
CONT327579,2024-12-20,08:45,NG,MUM,CH,9013,IMP5891,EXP5992,110889.18,7455.63,7890.15,19.26,PIL,IMPORT,Cleared,0
CONT930351,2024-07-02,16:11,IQ,MUM,NL,3004,IMP7797,EXP9728,188104.3,19712.07,19425.82,23.92,MSC,IMPORT,Cleared,0
CONT918731,2024-10-08,01:46,KP,LAX,FR,3004,IMP3398,EXP7995,1197993.11,13619.11,17511.52,0.26,ONE,IMPORT,Flagged,1
CONT368733,2024-10-20,11:14,SO,HAM,FR,8542,IMP3925,EXP6043,71710.99,6161.03,6068.19,22.92,HMM,IMPORT,Cleared,0
CONT677880,2024-06-28,02:48,MM,MUM,CH,3004,IMP5298,EXP5668,128836.08,13584.99,15065.58,1.25,EVERGREEN,IMPORT,Seized,1
CONT897388,2024-08-07,00:57,YE,DEL,CH,3004,IMP4806,EXP7100,227744.94,1836.44,3302.57,1.08,YML,IMPORT,Seized,1
CONT147111,2024-07-08,00:46,KP,NYC,JP,8471,IMP9848,EXP1165,1979920.35,10534.16,9051.99,0.91,MAERSK,IMPORT,Seized,1
CONT626750,2024-09-01,16:55,JP,RTM,US,8703,IMP8984,EXP1406,79293.3,5203.54,5126.61,39.57,HMM,TRANSIT,Cleared,0
CONT901151,2024-02-13,18:54,CH,RTM,AU,2710,IMP8504,EXP3466,194374.43,8747.21,8866.22,28.74,CMA CGM,IMPORT,Cleared,0
CONT793312,2024-12-20,16:31,CH,SGP,DE,8703,IMP2956,EXP8023,163860.85,16839.24,16343.0,30.92,COSCO,IMPORT,Cleared,0
CONT811238,2024-12-29,01:50,IQ,SHA,SG,8542,IMP6244,EXP8119,1158.38,2766.11,4023.03,0.54,CMA CGM,IMPORT,Under Review,1
CONT888089,2024-04-17,11:03,DE,SHA,SG,8703,IMP9479,EXP6737,165771.95,13871.32,14548.12,10.44,MSC,IMPORT,Cleared,0
CONT234794,2024-10-25,08:16,NL,SGP,CH,7108,IMP1808,EXP1725,116743.23,6860.9,6757.44,18.31,YML,RE-EXPORT,Cleared,0
CONT425137,2024-04-22,19:58,GB,DEL,US,2933,IMP2814,EXP2106,157136.91,8262.79,8056.11,47.9,EVERGREEN,IMPORT,Cleared,0
CONT715416,2024-11-09,15:29,SD,SHA,CH,2933,IMP2048,EXP9307,30447.75,15749.52,16780.65,28.88,MSC,IMPORT,Cleared,0
CONT810386,2024-01-18,16:34,FR,DXB,US,8542,IMP7799,EXP5586,185660.44,16864.0,17112.51,22.46,PIL,IMPORT,Cleared,0
CONT655710,2024-03-03,13:39,AU,NYC,AU,8471,IMP5471,EXP2827,17067.71,1118.89,1106.87,27.56,EVERGREEN,IMPORT,Cleared,0
CONT967758,2024-10-01,02:12,SY,HAM,GB,6110,IMP5159,EXP7308,501.14,1233.11,100.0,1.03,ONE,IMPORT,Flagged,1
CONT528565,2024-06-28,23:51,LY,SGP,GB,2933,IMP8910,EXP7382,1671.98,5735.58,6800.63,0.65,HMM,IMPORT,Flagged,1
CONT925992,2024-04-15,07:30,DE,SHA,CH,7108,IMP2170,EXP9681,75292.53,8542.85,8666.33,33.54,CMA CGM,IMPORT,Cleared,0
CONT198064,2024-12-17,07:15,JP,SHA,SG,6110,IMP1926,EXP4178,154761.06,19718.32,19306.68,23.11,YML,RE-EXPORT,Cleared,0
CONT975206,2024-04-15,17:23,GB,SGP,FR,2710,IMP7553,EXP5042,96835.26,12460.65,11836.64,25.66,YML,IMPORT,Cleared,0
CONT560829,2024-03-24,07:37,JP,DEL,CA,8542,IMP9635,EXP1297,136914.33,7162.26,7196.61,30.15,YML,IMPORT,Cleared,0
CONT738273,2024-01-12,15:39,CA,DEL,NL,8542,IMP9713,EXP4809,13774.38,5155.56,5321.5,36.3,COSCO,IMPORT,Cleared,0
CONT631740,2024-01-15,19:11,JP,DXB,DE,7108,IMP3172,EXP1279,39056.2,11414.76,11526.2,17.02,EVERGREEN,IMPORT,Cleared,0
CONT651852,2024-06-12,04:19,NG,LAX,US,8703,IMP9386,EXP1662,386306.23,5443.9,9827.44,139.26,EVERGREEN,TRANSIT,Under Review,1
CONT893070,2024-02-13,19:33,SD,DXB,US,7108,IMP7998,EXP1615,181027.57,9404.96,9429.35,40.84,MAERSK,IMPORT,Cleared,0
CONT405442,2024-05-12,16:08,PK,HKG,GB,2933,IMP8774,EXP4861,7515.01,5835.15,5797.65,27.77,MSC,TRANSIT,Pending,0
CONT458105,2024-01-16,16:34,NL,SGP,CA,2710,IMP3240,EXP4966,20802.53,8408.1,8122.48,40.51,PIL,IMPORT,Pending,0
CONT586084,2024-12-29,08:11,DE,SGP,JP,7108,IMP4144,EXP1242,138027.38,13777.64,13751.84,17.87,HAPAG,TEMP_IMPORT,Cleared,0
CONT591818,2024-03-17,00:27,AF,DEL,CH,7108,IMP5306,EXP3799,1272.5,10268.68,8488.24,100.93,ONE,TEMP_IMPORT,Under Review,1
CONT760197,2024-08-07,19:00,AU,RTM,GB,9013,IMP2466,EXP4957,13107.9,5441.08,5621.26,25.92,YML,IMPORT,Cleared,0
CONT882381,2024-11-04,10:23,GB,DEL,FR,2933,IMP9572,EXP5213,141838.96,4608.79,4674.48,28.48,HAPAG,IMPORT,Cleared,0
CONT759993,2024-02-23,07:28,NG,RTM,NL,8471,IMP3381,EXP4618,77154.78,18682.21,18015.14,28.22,MAERSK,IMPORT,Cleared,0
CONT201894,2024-10-04,22:16,SO,LAX,CH,8471,IMP2192,EXP2464,888168.75,13153.5,17628.23,130.55,ONE,IMPORT,Flagged,1
CONT197799,2024-09-09,23:23,IQ,RTM,JP,7108,IMP9947,EXP6930,409055.55,4811.74,7074.58,1.08,HMM,IMPORT,Seized,1
CONT910927,2024-02-08,12:40,SO,SGP,CH,8703,IMP8370,EXP6185,174637.88,11608.69,11987.38,20.35,COSCO,TRANSIT,Cleared,0
CONT664984,2024-02-02,07:09,AU,DXB,FR,8703,IMP1861,EXP9346,122650.17,13891.33,13481.63,39.27,ONE,TEMP_IMPORT,Cleared,0
CONT935488,2024-12-29,22:58,SD,HAM,CH,7108,IMP7748,EXP7103,145.81,4564.85,6646.79,0.18,HAPAG,IMPORT,Flagged,1
CONT568379,2024-08-11,19:27,CH,RTM,AU,3004,IMP9456,EXP5524,121719.78,15903.7,15131.35,22.22,HAPAG,IMPORT,Pending,0
CONT555433,2024-12-13,08:28,CH,RTM,JP,8703,IMP6515,EXP3670,77892.58,6383.92,6414.01,31.51,HAPAG,IMPORT,Cleared,0
CONT681462,2024-01-16,08:12,SG,RTM,SG,2933,IMP4899,EXP7477,42861.76,6141.78,6368.82,24.88,EVERGREEN,IMPORT,Cleared,0
CONT814221,2024-11-29,23:40,KP,SGP,CH,2933,IMP4862,EXP6649,727.74,3186.51,6048.56,1.28,MSC,TRANSIT,Under Review,1
CONT865359,2024-04-03,04:44,KP,DXB,SG,2933,IMP2141,EXP9558,889341.7,5301.62,8005.02,198.53,MSC,TRANSIT,Under Review,1
CONT270521,2024-08-25,12:13,DE,HKG,FR,9013,IMP5658,EXP8082,127410.36,7307.74,7236.84,32.49,ONE,TRANSIT,Cleared,0
CONT838471,2024-03-20,00:37,SY,SHA,JP,8703,IMP7671,EXP7683,1198883.55,12251.79,14641.84,0.2,CMA CGM,IMPORT,Seized,1
CONT761334,2024-08-12,04:20,IR,DEL,DE,3004,IMP6014,EXP2882,877.26,14264.46,11811.23,0.6,MSC,IMPORT,Seized,1
CONT134924,2024-11-08,14:30,JP,DXB,FR,8542,IMP3159,EXP7772,157141.47,7741.81,8077.89,28.81,MAERSK,TRANSIT,Cleared,0
CONT351839,2024-08-28,00:51,LY,MUM,DE,2710,IMP3048,EXP7115,145.5,6524.95,4739.64,0.25,HMM,IMPORT,Flagged,1
CONT221897,2024-12-01,14:43,NG,MUM,US,3004,IMP6521,EXP9536,162637.0,12173.78,12546.15,30.91,HAPAG,IMPORT,Cleared,0
CONT995596,2024-05-16,04:25,SD,SGP,NL,8471,IMP1271,EXP9334,506.59,3071.24,1798.0,0.12,CMA CGM,IMPORT,Flagged,1
CONT734044,2024-04-04,15:40,FR,MUM,CH,2710,IMP8533,EXP5616,134290.3,11727.22,11207.61,33.88,EVERGREEN,IMPORT,Pending,0
CONT263639,2024-02-29,07:22,CH,SHA,CA,9013,IMP2174,EXP1178,51617.94,17323.12,18388.4,37.35,EVERGREEN,TRANSIT,Cleared,0
CONT887163,2024-04-15,15:54,DE,HKG,AU,2710,IMP3933,EXP9516,15620.88,7242.6,7242.75,12.03,CMA CGM,IMPORT,Pending,0
CONT651216,2024-05-23,02:46,MM,HKG,JP,9013,IMP6810,EXP4655,803441.15,13861.94,18453.58,1.17,MSC,IMPORT,Under Review,1
CONT363606,2024-12-02,19:45,CH,MUM,NL,8542,IMP8037,EXP5994,182804.63,11372.55,11133.5,8.29,HAPAG,IMPORT,Pending,0
CONT563930,2024-11-22,09:08,SO,NYC,CA,9013,IMP2335,EXP9181,134151.18,7247.63,7439.54,37.08,COSCO,TRANSIT,Cleared,0
CONT450068,2024-06-26,16:35,AF,DXB,CH,2933,IMP6818,EXP1382,170574.11,2019.06,2006.72,20.87,MAERSK,IMPORT,Cleared,0
CONT283163,2024-01-24,18:51,SO,SHA,US,8517,IMP5813,EXP4569,187103.86,18717.29,19731.68,21.7,HAPAG,IMPORT,Cleared,0
CONT141505,2024-03-19,06:43,AU,DEL,US,8517,IMP2990,EXP6596,81658.75,6140.63,6324.2,10.13,ONE,IMPORT,Cleared,0
CONT242429,2024-04-02,14:19,CA,DXB,SG,6110,IMP2045,EXP8951,82367.24,2199.47,2151.32,24.86,MSC,TRANSIT,Cleared,0
CONT979780,2024-07-19,08:04,US,HAM,NL,2933,IMP6953,EXP9456,65756.49,6260.53,6489.61,41.21,COSCO,IMPORT,Cleared,0
CONT100215,2024-05-11,06:03,DE,LAX,US,8471,IMP2128,EXP4510,28470.9,4188.48,4288.51,6.97,COSCO,RE-EXPORT,Cleared,0
CONT963413,2024-10-12,23:57,SY,LAX,AU,8542,IMP4779,EXP3118,844440.7,11378.78,12054.09,1.13,YML,IMPORT,Seized,1
CONT728474,2024-11-27,19:41,CA,RTM,NL,9013,IMP4199,EXP7103,172218.47,5723.49,5762.26,8.28,HAPAG,TEMP_IMPORT,Cleared,0
CONT778173,2024-01-22,12:10,US,SGP,JP,2710,IMP7568,EXP3601,18296.39,5437.78,5440.65,12.23,MSC,RE-EXPORT,Cleared,0
CONT386610,2024-02-26,13:43,DE,LAX,AU,2710,IMP2916,EXP7996,37035.93,6655.36,6447.19,38.46,HAPAG,IMPORT,Cleared,0
CONT204127,2024-06-19,15:16,NG,DEL,US,3004,IMP4462,EXP5011,32105.43,15019.73,14491.53,23.36,EVERGREEN,IMPORT,Cleared,0
CONT331237,2024-05-29,06:31,SD,DEL,FR,7108,IMP9320,EXP1437,120483.17,19097.82,18903.83,34.84,EVERGREEN,IMPORT,Cleared,0
CONT484096,2024-02-05,17:44,CA,SHA,CH,2933,IMP4140,EXP8996,12763.23,8856.81,9276.61,16.06,MSC,TRANSIT,Pending,0
CONT103114,2024-04-14,22:00,SO,SGP,DE,8703,IMP4174,EXP4081,1559142.96,6033.44,8685.15,0.3,ONE,RE-EXPORT,Seized,1
CONT974527,2024-01-15,13:26,FR,NYC,NL,8517,IMP2465,EXP9321,51309.24,8260.35,8191.43,17.2,COSCO,IMPORT,Cleared,0
CONT931588,2024-06-24,15:42,NL,DXB,NL,8703,IMP5136,EXP1343,9942.98,13993.53,13851.98,34.36,YML,IMPORT,Cleared,0
CONT151567,2024-04-03,10:39,SG,HAM,DE,6110,IMP3708,EXP1924,29033.25,18305.7,18301.83,17.54,YML,IMPORT,Pending,0
CONT779249,2024-02-16,06:42,CH,DEL,GB,6110,IMP5626,EXP3905,183715.38,4158.36,4131.46,18.42,COSCO,IMPORT,Cleared,0
CONT873815,2024-11-14,06:02,SD,NYC,US,3004,IMP9857,EXP4426,73571.73,19269.46,18936.56,44.02,YML,TRANSIT,Cleared,0
CONT115896,2024-09-22,06:53,AU,HAM,US,9013,IMP4228,EXP5582,111196.11,7445.19,6797.48,5.81,HAPAG,TRANSIT,Cleared,0
CONT125739,2024-08-05,04:43,AF,NYC,US,9013,IMP3941,EXP8067,151.05,8412.59,11596.54,0.4,COSCO,IMPORT,Flagged,1
CONT479553,2024-02-13,23:45,YE,HKG,JP,7108,IMP1277,EXP4089,1146254.87,5338.08,1062.13,135.02,COSCO,RE-EXPORT,Seized,1
CONT860330,2024-05-22,12:02,JP,HAM,FR,6110,IMP1534,EXP4364,45363.75,4642.99,4937.22,41.46,HMM,TRANSIT,Cleared,0
CONT594829,2024-02-03,01:40,SY,HAM,AU,8542,IMP2936,EXP1882,1438237.1,1101.71,100.0,194.0,MAERSK,IMPORT,Seized,1
CONT430763,2024-03-21,08:09,AF,LAX,DE,8703,IMP5732,EXP4518,143796.7,14441.1,15046.3,43.53,HMM,TRANSIT,Cleared,0
CONT949649,2024-12-07,15:20,SG,LAX,CA,3004,IMP7998,EXP6413,163563.79,6313.09,6391.72,15.33,HAPAG,RE-EXPORT,Cleared,0
CONT950185,2024-04-29,13:07,CH,DXB,JP,9013,IMP1069,EXP4924,7340.59,18490.18,18122.92,28.32,HMM,IMPORT,Cleared,0
CONT376393,2024-02-01,14:41,NG,HAM,GB,2933,IMP5938,EXP3838,169905.13,15877.0,15743.59,9.03,MSC,IMPORT,Cleared,0
CONT937860,2024-08-13,07:19,AU,RTM,US,2710,IMP8164,EXP5497,13804.52,3241.48,3399.27,23.27,YML,TRANSIT,Cleared,0
CONT994230,2024-09-07,08:53,FR,NYC,CH,9013,IMP1545,EXP2927,60615.13,2890.4,3029.01,31.75,MSC,RE-EXPORT,Cleared,0
CONT365470,2024-03-16,15:01,SD,LAX,CH,6110,IMP6092,EXP7022,66890.83,2213.72,2266.99,13.69,PIL,RE-EXPORT,Cleared,0
CONT892244,2024-06-26,18:14,AU,HAM,NL,9013,IMP7782,EXP2798,176568.36,12052.71,11871.47,32.54,YML,IMPORT,Pending,0
CONT742710,2024-08-08,15:20,IQ,NYC,FR,3004,IMP3508,EXP5758,152507.96,4496.85,4689.31,24.86,COSCO,RE-EXPORT,Cleared,0
CONT243029,2024-10-10,11:55,CH,RTM,GB,6110,IMP1877,EXP2868,177621.58,1654.19,1719.26,7.82,ONE,RE-EXPORT,Cleared,0
CONT447236,2024-09-12,14:50,SD,HAM,SG,2933,IMP1654,EXP7821,88585.63,2885.36,2865.95,31.65,EVERGREEN,IMPORT,Cleared,0
CONT308886,2024-08-13,08:40,CH,SGP,NL,2933,IMP8422,EXP5524,89733.54,6785.32,7032.06,42.26,MSC,TRANSIT,Cleared,0
CONT337474,2024-06-22,06:41,PK,HKG,SG,3004,IMP8257,EXP6565,61402.56,5377.35,5297.79,20.25,HAPAG,TRANSIT,Cleared,0
CONT448848,2024-03-20,03:56,LY,SGP,SG,7108,IMP1706,EXP7997,1414268.22,8986.8,8453.72,168.04,MSC,RE-EXPORT,Flagged,1
CONT552558,2024-05-24,10:49,US,DXB,FR,2710,IMP9605,EXP9236,35897.37,3111.87,3082.58,6.74,MSC,IMPORT,Cleared,0
CONT139236,2024-02-24,09:09,GB,HAM,DE,2933,IMP1452,EXP7537,96967.14,15820.91,16020.33,14.01,PIL,TRANSIT,Cleared,0
CONT889948,2024-10-22,19:37,JP,RTM,GB,7108,IMP6111,EXP7752,20446.56,10909.47,11327.94,6.07,MAERSK,TEMP_IMPORT,Cleared,0
CONT907827,2024-06-30,13:24,IQ,DXB,AU,9013,IMP2812,EXP6724,179317.03,17861.07,18211.3,18.78,CMA CGM,IMPORT,Cleared,0
CONT651595,2024-04-18,09:33,JP,DXB,GB,9013,IMP9118,EXP7102,147350.34,16591.24,16070.43,19.74,HAPAG,IMPORT,Cleared,0
CONT327369,2024-11-10,11:19,AU,DEL,CH,8471,IMP5378,EXP9449,126917.14,16089.46,15052.03,45.26,COSCO,TRANSIT,Cleared,0
CONT726701,2024-11-20,01:17,IQ,HAM,JP,2933,IMP1722,EXP9971,421.41,14359.73,11459.77,79.39,MSC,IMPORT,Seized,1
CONT573196,2024-05-08,10:09,JP,SHA,US,8703,IMP8194,EXP6851,160345.75,1259.57,1266.27,18.87,MSC,TRANSIT,Cleared,0
CONT245338,2024-07-19,07:45,DE,MUM,CA,2710,IMP3594,EXP5689,118705.62,17491.61,16389.71,35.59,EVERGREEN,IMPORT,Cleared,0
CONT345847,2024-08-04,09:00,AU,SHA,CA,2933,IMP6470,EXP7276,107588.33,19365.82,18269.21,34.26,MSC,IMPORT,Cleared,0
CONT657373,2024-10-23,09:30,AU,RTM,AU,3004,IMP1118,EXP1709,91718.99,8811.15,8653.5,29.37,MSC,IMPORT,Pending,0
CONT636114,2024-03-07,11:11,SD,NYC,CH,3004,IMP6495,EXP4209,86391.37,8512.95,8757.9,17.63,ONE,TRANSIT,Pending,0
CONT693411,2024-05-31,13:58,JP,RTM,CA,2710,IMP8160,EXP1687,142286.13,8811.74,8962.51,13.57,HAPAG,IMPORT,Cleared,0
CONT741000,2024-09-14,08:56,NL,SGP,US,8517,IMP3581,EXP3486,75136.73,15776.83,15824.96,34.24,CMA CGM,IMPORT,Cleared,0
CONT957033,2024-12-18,18:56,SG,MUM,SG,8703,IMP4407,EXP1639,171099.12,18285.13,18343.09,6.31,CMA CGM,IMPORT,Cleared,0
CONT349836,2024-03-06,18:05,NG,DEL,AU,7108,IMP3785,EXP7065,144319.64,14722.11,14803.43,23.56,HMM,IMPORT,Cleared,0
CONT943352,2024-11-30,07:48,AF,MUM,CA,6110,IMP9240,EXP6408,142986.01,17486.34,16814.97,8.67,HAPAG,RE-EXPORT,Cleared,0
CONT583414,2024-08-12,17:15,DE,HKG,DE,8703,IMP1162,EXP8777,62067.74,13140.3,13091.03,28.0,MSC,IMPORT,Cleared,0
CONT876684,2024-05-07,18:06,NG,HAM,CH,6110,IMP4258,EXP3500,89956.05,18302.63,17860.65,9.68,ONE,RE-EXPORT,Cleared,0
CONT244375,2024-03-04,09:28,SO,SGP,JP,8471,IMP2893,EXP6322,58644.28,14496.68,14637.73,32.12,MAERSK,RE-EXPORT,Cleared,0
CONT274750,2024-04-12,08:00,SD,DEL,JP,8703,IMP9787,EXP2986,22896.63,1411.27,1388.71,33.96,CMA CGM,IMPORT,Pending,0
CONT477218,2024-08-05,23:20,MM,HAM,US,8703,IMP3302,EXP3283,1864.26,12463.01,10041.99,0.49,PIL,IMPORT,Flagged,1
CONT793464,2024-09-20,03:32,NG,DXB,CA,3004,IMP9677,EXP9391,1948.31,1077.06,100.0,81.85,CMA CGM,TRANSIT,Seized,1
CONT207044,2024-12-07,01:06,PK,SHA,CA,2933,IMP4815,EXP1847,750550.73,7953.34,10424.54,168.4,HAPAG,IMPORT,Flagged,1
CONT846716,2024-02-11,06:06,SD,HAM,SG,7108,IMP1282,EXP2081,198981.12,19968.06,18901.49,46.53,MSC,TRANSIT,Cleared,0
CONT619493,2024-02-22,11:01,US,HAM,CH,8542,IMP4670,EXP3251,105002.9,2470.82,2496.1,19.11,HAPAG,TRANSIT,Cleared,0
CONT568298,2024-08-03,08:21,SO,HAM,AU,8471,IMP6577,EXP4618,11437.33,6698.83,6689.21,45.97,YML,IMPORT,Cleared,0
CONT910830,2024-08-05,07:50,SO,SGP,US,6110,IMP3441,EXP2098,54408.98,15320.68,15165.19,43.38,MSC,TEMP_IMPORT,Cleared,0
CONT777758,2024-05-11,07:19,DE,LAX,NL,6110,IMP9867,EXP2823,56808.69,11727.29,11837.86,43.42,MAERSK,IMPORT,Cleared,0
CONT585443,2024-10-18,00:51,SD,DXB,GB,8517,IMP2487,EXP8848,1611.6,5367.39,4396.42,0.69,MSC,IMPORT,Flagged,1
CONT596712,2024-02-18,06:36,SO,LAX,JP,7108,IMP5271,EXP1237,8445.66,2039.17,2027.7,8.52,MAERSK,TEMP_IMPORT,Cleared,0
CONT189846,2024-01-12,18:34,IQ,DXB,AU,8471,IMP9697,EXP2129,172133.9,17853.81,17370.36,39.95,PIL,RE-EXPORT,Cleared,0
CONT561261,2024-05-22,14:05,CH,MUM,DE,8542,IMP4932,EXP6560,54303.29,15011.2,14680.33,6.96,MAERSK,RE-EXPORT,Cleared,0
CONT988943,2024-11-08,09:37,SD,SGP,CH,3004,IMP4936,EXP2075,14008.31,19616.27,19517.66,29.5,EVERGREEN,IMPORT,Pending,0
CONT346301,2024-04-23,19:11,FR,RTM,JP,8542,IMP3744,EXP7041,195600.45,3579.17,3599.51,46.43,MSC,TEMP_IMPORT,Cleared,0
CONT468697,2024-04-15,18:43,NL,HAM,FR,9013,IMP9874,EXP4454,146858.03,14470.32,14645.85,38.61,HMM,TRANSIT,Cleared,0
CONT883924,2024-07-16,19:42,IQ,HAM,SG,8471,IMP3032,EXP8129,109285.9,7869.26,7653.89,47.83,MSC,IMPORT,Cleared,0
CONT252324,2024-11-26,22:14,KP,MUM,JP,2710,IMP7870,EXP9159,428.24,13166.25,10642.7,0.81,PIL,IMPORT,Flagged,1
CONT324793,2024-12-17,12:11,DE,MUM,AU,6110,IMP7875,EXP8856,91325.27,1141.8,1198.48,36.22,PIL,IMPORT,Cleared,0
CONT529199,2024-07-23,19:38,PK,NYC,CH,8542,IMP1752,EXP2392,92376.67,13716.1,13474.69,25.47,HAPAG,RE-EXPORT,Cleared,0
CONT377749,2024-09-18,19:25,SG,SHA,CA,2710,IMP4981,EXP6682,20927.55,12288.59,12581.4,13.58,ONE,IMPORT,Cleared,0
CONT962839,2024-11-21,03:54,IQ,NYC,CH,2710,IMP3370,EXP4281,412.68,7151.22,11152.16,191.5,ONE,IMPORT,Flagged,1
CONT597163,2024-11-28,18:40,JP,LAX,DE,6110,IMP2196,EXP4170,144924.47,5663.63,5912.86,38.18,HAPAG,TRANSIT,Cleared,0
CONT649633,2024-05-31,06:22,SD,LAX,JP,8703,IMP2906,EXP8399,45325.55,17067.2,16858.75,44.7,PIL,TEMP_IMPORT,Cleared,0
CONT959734,2024-05-28,14:56,SO,NYC,CA,6110,IMP5378,EXP8529,13747.81,12709.52,12755.32,31.39,HAPAG,IMPORT,Cleared,0
CONT338178,2024-12-12,02:48,KP,LAX,FR,9013,IMP4998,EXP9864,1668.52,10249.05,9355.67,0.4,ONE,TRANSIT,Under Review,1
CONT910238,2024-11-12,23:37,SO,SGP,GB,8517,IMP4457,EXP3975,127.31,1146.53,100.0,1.03,PIL,IMPORT,Under Review,1
CONT938018,2024-11-04,00:19,NG,DXB,CA,9013,IMP2781,EXP7343,1254779.03,2999.6,1540.94,81.33,YML,IMPORT,Flagged,1
CONT305603,2024-11-14,07:04,DE,HKG,DE,2933,IMP4401,EXP8447,92263.06,5952.83,5930.03,8.48,MSC,IMPORT,Cleared,0
CONT737684,2024-09-26,18:14,CH,NYC,AU,8471,IMP2176,EXP8956,61381.66,1845.67,1850.12,23.86,MAERSK,IMPORT,Cleared,0
CONT763270,2024-01-18,19:08,CH,NYC,US,8703,IMP8799,EXP9804,101131.63,11178.09,11539.77,24.76,MSC,IMPORT,Cleared,0
CONT259472,2024-01-21,00:49,SY,SGP,JP,8471,IMP7952,EXP5055,424022.29,14264.58,10261.65,113.36,COSCO,TRANSIT,Flagged,1
CONT608670,2024-05-01,01:30,NG,MUM,CA,8542,IMP4513,EXP1495,1171.1,3944.62,7936.01,1.38,YML,RE-EXPORT,Under Review,1
CONT579551,2024-11-23,14:19,NL,HKG,JP,8542,IMP6021,EXP3907,11756.89,7109.13,7039.23,9.6,CMA CGM,IMPORT,Pending,0
CONT840970,2024-12-29,18:01,US,SGP,DE,7108,IMP9405,EXP4237,34496.54,15947.74,15033.3,16.53,ONE,RE-EXPORT,Cleared,0
CONT644653,2024-04-27,12:09,PK,RTM,DE,2933,IMP4554,EXP8095,26138.07,7871.66,7893.61,42.54,ONE,IMPORT,Cleared,0
CONT878760,2024-04-30,09:50,IQ,RTM,SG,6110,IMP8111,EXP9434,63729.24,3585.07,3555.38,14.95,MAERSK,IMPORT,Cleared,0
CONT773166,2024-12-02,07:31,DE,SHA,DE,8471,IMP6463,EXP8450,6952.03,17825.63,17969.33,42.83,MSC,IMPORT,Cleared,0
CONT566389,2024-08-21,02:34,SY,SGP,DE,8542,IMP4867,EXP4793,562.54,14997.81,11384.14,194.25,MSC,TRANSIT,Seized,1
CONT285784,2024-10-19,12:33,CA,SHA,CH,9013,IMP8259,EXP7054,155703.82,3343.05,3173.71,39.34,ONE,IMPORT,Cleared,0
CONT719330,2024-12-29,11:30,DE,HAM,FR,8542,IMP7035,EXP7523,18729.05,19162.16,18518.28,19.62,YML,RE-EXPORT,Cleared,0
CONT330168,2024-03-18,18:43,AF,DEL,CH,2710,IMP4110,EXP3166,102556.65,5094.74,5205.5,22.27,YML,IMPORT,Cleared,0
CONT760501,2024-09-15,15:36,JP,DEL,JP,8517,IMP6578,EXP6551,134380.62,12772.07,12434.2,40.8,MSC,IMPORT,Cleared,0
CONT870759,2024-12-22,07:53,NG,NYC,AU,8703,IMP2259,EXP6246,186032.65,6758.25,6475.89,6.89,YML,RE-EXPORT,Cleared,0
CONT263384,2024-10-24,19:33,US,DEL,SG,9013,IMP2777,EXP2222,45464.74,14558.54,15119.06,29.03,EVERGREEN,TEMP_IMPORT,Pending,0
CONT432336,2024-10-28,16:37,JP,MUM,JP,8703,IMP2242,EXP9539,65744.9,7653.54,7704.48,38.45,YML,IMPORT,Cleared,0
CONT372827,2024-04-22,14:28,IQ,DXB,US,8542,IMP6316,EXP4845,107229.67,7873.6,7776.35,33.51,YML,TRANSIT,Cleared,0
CONT825155,2024-02-08,16:52,GB,HAM,CA,3004,IMP1823,EXP4431,96003.22,7829.05,7802.09,6.32,MAERSK,IMPORT,Cleared,0
CONT329171,2024-03-20,12:06,SD,HKG,GB,9013,IMP4641,EXP6212,25517.81,13631.54,13863.32,33.57,ONE,IMPORT,Cleared,0
CONT587707,2024-05-22,03:30,MM,MUM,DE,8471,IMP2736,EXP8903,1914543.55,13851.18,16364.93,80.31,HMM,IMPORT,Under Review,1
CONT889622,2024-03-26,08:07,IQ,NYC,AU,7108,IMP3650,EXP3384,130891.2,19007.62,19311.75,43.25,PIL,IMPORT,Cleared,0
CONT401075,2024-01-16,16:16,NG,RTM,DE,9013,IMP9071,EXP5261,90917.61,7261.08,7061.72,41.71,HAPAG,IMPORT,Cleared,0
CONT661669,2024-05-01,14:43,CH,SGP,AU,2710,IMP1225,EXP9183,29495.04,4957.28,4872.3,17.68,HAPAG,IMPORT,Pending,0
CONT287063,2024-04-30,16:11,SO,DXB,CH,8703,IMP1132,EXP3838,57316.0,15570.13,15316.74,30.0,HMM,TEMP_IMPORT,Cleared,0
CONT790091,2024-02-03,16:49,CA,SHA,CA,8542,IMP4061,EXP7461,110142.79,6108.37,6124.21,46.63,ONE,RE-EXPORT,Cleared,0
CONT957759,2024-09-23,22:37,NG,HKG,US,2933,IMP1686,EXP1356,1413.1,6382.86,9966.27,106.31,MAERSK,IMPORT,Seized,1
CONT934799,2024-06-28,11:47,FR,SHA,SG,8471,IMP1877,EXP3870,127825.12,14823.7,14635.09,19.83,MAERSK,IMPORT,Cleared,0
CONT137310,2024-08-15,17:27,GB,DEL,JP,3004,IMP5690,EXP7121,20612.36,8064.9,7907.56,24.88,EVERGREEN,IMPORT,Cleared,0
CONT307374,2024-11-08,07:10,PK,LAX,AU,3004,IMP1028,EXP9897,22720.92,1578.7,1607.61,41.61,ONE,IMPORT,Cleared,0
CONT592134,2024-11-21,11:42,PK,SHA,CH,8517,IMP6906,EXP2721,172382.03,14973.81,14874.5,14.23,HAPAG,RE-EXPORT,Cleared,0
CONT934569,2024-04-01,11:10,PK,NYC,DE,8471,IMP9128,EXP2075,195956.34,10861.41,10646.15,34.64,CMA CGM,TRANSIT,Cleared,0
CONT715429,2024-05-28,09:12,NG,HKG,GB,6110,IMP5086,EXP1665,123533.25,11525.43,11606.46,21.75,ONE,IMPORT,Cleared,0
CONT416759,2024-10-01,09:32,SG,LAX,SG,8703,IMP4273,EXP6781,20186.4,17743.9,18251.96,35.1,MAERSK,IMPORT,Pending,0
CONT381383,2024-06-25,22:20,SY,DEL,US,3004,IMP2875,EXP5543,1420727.65,11962.45,13259.92,106.86,HMM,IMPORT,Flagged,1
CONT860956,2024-03-19,04:25,IR,MUM,NL,2710,IMP9444,EXP6061,471182.03,8284.46,12303.15,76.65,HAPAG,TRANSIT,Seized,1
CONT547628,2024-05-25,09:40,SD,HAM,US,9013,IMP6783,EXP1712,113394.81,4261.89,4338.63,34.78,ONE,IMPORT,Cleared,0
CONT190715,2024-05-17,16:37,DE,DEL,GB,8517,IMP7214,EXP6006,159856.24,15370.77,15812.49,25.76,MSC,IMPORT,Pending,0
CONT973216,2024-07-31,07:19,DE,SHA,SG,6110,IMP1789,EXP4475,67510.68,5548.03,5293.86,9.94,MSC,TRANSIT,Cleared,0
CONT996716,2024-05-31,18:53,SG,HAM,SG,8517,IMP1421,EXP1946,53037.91,16346.35,16099.45,6.78,CMA CGM,IMPORT,Cleared,0
CONT902207,2024-10-14,17:41,CH,HAM,CH,2710,IMP5480,EXP1055,45519.14,8616.76,8885.98,39.15,PIL,IMPORT,Cleared,0
CONT423923,2024-02-22,06:18,SG,SGP,US,9013,IMP1556,EXP8619,78896.4,15162.56,14634.39,17.32,HMM,IMPORT,Cleared,0
CONT650901,2024-06-13,12:16,PK,HAM,JP,8703,IMP9572,EXP1238,96377.35,3478.58,3372.99,30.02,COSCO,IMPORT,Pending,0
CONT933510,2024-05-04,03:09,YE,NYC,NL,8542,IMP3440,EXP5795,1893170.83,2747.63,100.0,90.28,CMA CGM,IMPORT,Flagged,1
CONT390693,2024-06-10,16:08,CA,NYC,NL,8471,IMP6938,EXP3747,119532.82,10848.06,11111.83,11.67,HAPAG,IMPORT,Pending,0
CONT737031,2024-08-17,11:41,SD,DXB,JP,8517,IMP6641,EXP2129,27003.91,18209.38,18019.72,42.28,ONE,IMPORT,Cleared,0
CONT135169,2024-08-18,07:09,US,HKG,US,7108,IMP9974,EXP1539,58510.29,12378.78,12665.03,21.6,ONE,IMPORT,Cleared,0
CONT397668,2024-07-16,03:29,MM,NYC,DE,7108,IMP1968,EXP8297,1117.29,1327.94,100.0,166.65,EVERGREEN,IMPORT,Under Review,1
CONT398113,2024-12-15,11:01,CH,HAM,DE,8471,IMP1583,EXP4377,106463.11,17330.56,17248.91,46.91,EVERGREEN,IMPORT,Pending,0
CONT952756,2024-12-03,09:56,FR,LAX,GB,8542,IMP6273,EXP4272,76494.35,3974.06,4195.02,31.24,CMA CGM,RE-EXPORT,Cleared,0
CONT400821,2024-12-10,15:18,AF,HAM,SG,8542,IMP1680,EXP9163,58662.09,12381.21,12786.86,44.02,ONE,TRANSIT,Cleared,0
CONT104922,2024-10-23,10:47,DE,LAX,CA,8703,IMP4167,EXP3997,191805.97,11983.37,11452.58,26.14,YML,TRANSIT,Cleared,0
CONT416689,2024-01-20,03:46,KP,LAX,JP,8471,IMP4175,EXP8849,1870.29,1589.28,4183.97,0.25,PIL,IMPORT,Seized,1
CONT695597,2024-01-09,09:29,IQ,DXB,US,6110,IMP7111,EXP3338,153755.34,13930.77,14077.86,37.67,EVERGREEN,IMPORT,Cleared,0
CONT329192,2024-03-17,04:47,YE,HAM,GB,8703,IMP9297,EXP7694,1643141.22,13707.1,14652.03,144.43,PIL,IMPORT,Seized,1
CONT998760,2024-08-12,18:13,AF,SGP,CH,8471,IMP3960,EXP8325,116020.25,1937.64,1994.61,20.84,MSC,IMPORT,Cleared,0
CONT486354,2024-09-02,16:32,GB,LAX,US,3004,IMP5701,EXP3877,110449.3,1134.83,1118.41,33.8,ONE,IMPORT,Cleared,0
CONT753080,2024-02-15,03:08,MM,LAX,SG,2933,IMP4414,EXP2156,928489.25,9818.11,6858.34,0.6,ONE,IMPORT,Flagged,1
CONT275885,2024-10-18,11:17,CA,DEL,CA,8517,IMP7722,EXP9201,189646.07,1590.29,1642.73,14.59,MAERSK,RE-EXPORT,Cleared,0
CONT243435,2024-06-06,10:19,NL,DXB,AU,2710,IMP7265,EXP5136,73375.32,4548.68,4617.53,20.58,ONE,TRANSIT,Cleared,0
CONT758981,2024-04-09,09:00,NG,LAX,US,2710,IMP1652,EXP6799,52063.19,17447.26,17775.2,7.46,ONE,IMPORT,Cleared,0
CONT834782,2024-12-05,23:24,SO,DXB,FR,2933,IMP6130,EXP6439,592.86,6060.48,6602.87,129.05,HMM,IMPORT,Under Review,1
CONT762806,2024-01-09,14:53,NL,LAX,JP,8471,IMP2409,EXP9205,31421.43,14076.16,14346.21,23.69,MAERSK,IMPORT,Cleared,0
CONT784103,2024-10-09,12:09,IQ,RTM,JP,3004,IMP1496,EXP4399,137033.29,10884.38,11085.93,38.25,ONE,TRANSIT,Cleared,0
CONT305463,2024-08-24,02:23,VE,HKG,JP,8542,IMP8464,EXP4003,1761392.31,3148.06,7793.3,0.57,HMM,RE-EXPORT,Flagged,1
CONT137067,2024-02-22,11:13,US,SHA,SG,8542,IMP4406,EXP6150,168478.82,1820.24,1759.93,32.79,ONE,IMPORT,Cleared,0
CONT220627,2024-04-10,16:55,SO,SGP,FR,2933,IMP9283,EXP1446,146177.89,19419.39,18738.41,13.33,YML,IMPORT,Cleared,0
CONT302646,2024-10-14,19:21,CH,HAM,AU,2933,IMP1364,EXP2800,151705.36,2566.23,2466.59,44.11,ONE,TRANSIT,Cleared,0
CONT475903,2024-09-18,08:44,JP,DXB,SG,8471,IMP7943,EXP6202,156061.22,3518.91,3510.03,15.65,MAERSK,IMPORT,Pending,0
CONT289977,2024-07-28,07:27,DE,SHA,CA,2710,IMP6192,EXP3015,95052.26,6136.62,6150.41,17.84,EVERGREEN,RE-EXPORT,Cleared,0
CONT697202,2024-10-06,10:25,PK,MUM,CH,8517,IMP6392,EXP4052,181467.57,6242.64,6489.59,39.99,COSCO,IMPORT,Cleared,0
CONT705058,2024-07-14,06:40,IQ,DXB,AU,2710,IMP9462,EXP9741,183332.6,4339.89,4283.1,8.97,MSC,TRANSIT,Cleared,0
CONT348018,2024-10-13,12:51,AU,HAM,AU,3004,IMP8727,EXP1295,26958.8,10849.59,10644.02,45.1,HAPAG,IMPORT,Cleared,0
CONT408444,2024-03-13,17:41,NG,SGP,SG,8471,IMP4081,EXP6448,90543.52,3040.87,3081.22,27.79,HMM,TRANSIT,Pending,0
CONT521655,2024-06-03,09:36,CH,HKG,DE,3004,IMP4006,EXP5302,193781.89,15319.93,15340.82,38.3,PIL,IMPORT,Cleared,0
CONT718636,2024-09-21,15:10,NL,HKG,FR,8471,IMP5725,EXP5300,67529.24,18372.47,18620.77,28.3,HAPAG,RE-EXPORT,Cleared,0
CONT417499,2024-09-13,04:00,SY,NYC,FR,8703,IMP9652,EXP2832,339.69,6100.43,8605.8,75.0,HMM,IMPORT,Flagged,1
CONT952224,2024-06-08,06:41,IQ,HAM,NL,2710,IMP3096,EXP2682,71498.93,11541.69,11451.06,46.32,MSC,TRANSIT,Cleared,0
CONT350703,2024-05-18,03:54,VE,SGP,US,8703,IMP9983,EXP1636,236763.56,4483.22,968.36,173.03,HAPAG,TRANSIT,Flagged,1
CONT755354,2024-08-24,01:34,LY,DXB,NL,6110,IMP8939,EXP7963,1435.45,13080.8,15975.19,1.24,ONE,TEMP_IMPORT,Seized,1
CONT484546,2024-05-11,02:15,VE,DXB,US,8542,IMP4960,EXP4811,1073894.81,12530.59,9828.64,158.47,CMA CGM,TEMP_IMPORT,Under Review,1
CONT507124,2024-05-16,13:12,CA,LAX,CA,8542,IMP1071,EXP6546,132680.29,14413.82,14077.9,21.16,PIL,IMPORT,Cleared,0
CONT583157,2024-12-03,18:22,SG,LAX,CA,8517,IMP3289,EXP8370,83543.18,11018.91,10722.61,29.91,MAERSK,RE-EXPORT,Cleared,0
CONT625128,2024-02-19,04:16,YE,SHA,US,8703,IMP7005,EXP8226,1119.5,10966.11,10354.97,1.13,COSCO,IMPORT,Under Review,1
CONT250594,2024-04-22,07:43,NL,HAM,GB,9013,IMP4022,EXP2860,54558.72,12345.22,11792.08,40.31,COSCO,IMPORT,Cleared,0
CONT576182,2024-09-30,15:00,JP,RTM,SG,6110,IMP3233,EXP5608,107793.93,11531.71,10796.93,36.31,CMA CGM,IMPORT,Cleared,0
CONT470134,2024-12-06,11:40,NL,SHA,JP,7108,IMP8396,EXP8338,19652.88,6312.43,6375.85,9.9,EVERGREEN,RE-EXPORT,Cleared,0
CONT570076,2024-05-26,06:45,CA,NYC,GB,8703,IMP7000,EXP8034,174910.05,12476.09,12140.74,47.95,MAERSK,IMPORT,Cleared,0
CONT516460,2024-02-21,19:09,AU,MUM,US,8542,IMP6672,EXP2502,70551.25,16827.12,16282.99,17.57,CMA CGM,IMPORT,Cleared,0
CONT729021,2024-04-05,02:55,PK,DXB,AU,3004,IMP7107,EXP8804,1389454.18,1675.36,100.0,1.44,YML,IMPORT,Flagged,1
CONT262357,2024-06-09,09:32,FR,MUM,AU,7108,IMP1527,EXP1916,30307.68,3376.69,3480.43,28.5,ONE,TEMP_IMPORT,Pending,0
CONT297298,2024-01-16,14:23,DE,LAX,CH,2710,IMP6873,EXP5503,158460.28,16590.95,16109.8,6.48,HMM,TRANSIT,Cleared,0
CONT913439,2024-03-12,10:41,IQ,DXB,AU,2933,IMP7616,EXP1992,168007.42,8299.05,8100.86,10.54,MSC,TRANSIT,Cleared,0
CONT862832,2024-08-10,09:36,NL,DEL,SG,8471,IMP5268,EXP5099,142267.65,4169.76,4257.71,45.61,HAPAG,IMPORT,Cleared,0
CONT992743,2024-02-01,17:56,SD,HKG,SG,8703,IMP4553,EXP6138,27110.48,13612.04,13396.55,35.71,COSCO,IMPORT,Cleared,0
CONT448152,2024-10-27,04:07,AF,LAX,US,8471,IMP5299,EXP9118,1871818.56,621.14,2128.15,1.09,EVERGREEN,TRANSIT,Seized,1
CONT739665,2024-04-04,08:32,DE,LAX,DE,2933,IMP7142,EXP6967,50106.27,17851.9,17597.43,36.33,HAPAG,RE-EXPORT,Cleared,0
CONT144772,2024-03-04,09:26,FR,DEL,US,9013,IMP7839,EXP7312,180873.64,4397.98,4552.81,21.48,CMA CGM,TRANSIT,Cleared,0
CONT693453,2024-03-07,13:04,DE,RTM,DE,3004,IMP6873,EXP3284,26971.34,8084.65,8015.47,29.38,ONE,IMPORT,Cleared,0
CONT164373,2024-04-09,06:48,AF,DEL,AU,7108,IMP9055,EXP5218,90468.23,7321.11,7084.63,15.56,HAPAG,IMPORT,Cleared,0
CONT892644,2024-03-21,13:29,US,DEL,FR,8703,IMP7034,EXP9457,98013.42,15312.95,15751.24,32.26,EVERGREEN,IMPORT,Cleared,0
CONT490300,2024-09-17,15:12,AF,NYC,US,3004,IMP6607,EXP4202,194989.47,7122.95,7383.32,47.4,CMA CGM,IMPORT,Cleared,0
CONT400763,2024-05-26,18:02,SG,SGP,CH,8471,IMP5722,EXP2388,38032.32,15052.81,14251.84,31.32,PIL,RE-EXPORT,Cleared,0
CONT319123,2024-12-04,09:46,AF,HKG,AU,7108,IMP2501,EXP4080,151404.1,19936.98,19933.46,32.37,EVERGREEN,IMPORT,Cleared,0
CONT409799,2024-02-07,11:47,SD,SHA,DE,8471,IMP6302,EXP7250,113041.38,9498.19,9573.48,44.96,YML,IMPORT,Cleared,0
CONT101095,2024-09-26,16:23,NL,DXB,JP,9013,IMP9370,EXP3847,22077.04,16392.66,16372.83,31.89,MSC,IMPORT,Pending,0
CONT740337,2024-04-25,23:15,AF,MUM,DE,3004,IMP1187,EXP3758,946979.62,4888.28,3809.48,0.7,MAERSK,IMPORT,Seized,1
CONT562326,2024-07-20,15:18,JP,DXB,JP,3004,IMP7818,EXP1684,143209.3,2955.98,2958.84,14.95,PIL,IMPORT,Cleared,0
CONT806050,2024-12-12,23:51,IQ,DEL,CH,2710,IMP7939,EXP9261,859237.17,688.65,2509.99,0.13,HAPAG,IMPORT,Flagged,1
CONT347652,2024-06-07,17:27,SD,LAX,FR,2710,IMP5080,EXP9050,161129.47,6117.83,6451.25,23.97,MSC,IMPORT,Cleared,0
CONT869606,2024-12-27,07:53,FR,DXB,AU,2710,IMP3314,EXP5412,18721.78,12146.28,12691.86,31.77,HMM,IMPORT,Pending,0
CONT479989,2024-03-02,06:16,GB,DEL,JP,2710,IMP6369,EXP6644,45209.53,8855.85,9178.59,42.57,CMA CGM,IMPORT,Cleared,0
CONT643803,2024-10-22,14:18,AF,DXB,AU,8517,IMP1233,EXP2391,28100.03,12676.28,12667.51,4.6,ONE,IMPORT,Cleared,0
CONT514983,2024-03-04,02:42,SY,SHA,DE,2933,IMP4367,EXP6008,864.32,1302.32,1867.64,96.8,MSC,RE-EXPORT,Under Review,1
CONT942606,2024-04-10,01:47,VE,NYC,DE,2933,IMP9090,EXP9051,202690.49,3751.96,3050.51,0.82,HAPAG,IMPORT,Under Review,1
CONT429782,2024-11-28,08:43,CA,NYC,JP,2710,IMP2884,EXP9015,55250.65,10318.63,10714.43,42.94,HMM,RE-EXPORT,Cleared,0
CONT998886,2024-12-16,02:31,SD,HKG,US,7108,IMP8218,EXP1080,104.46,10203.16,7284.44,1.18,COSCO,TRANSIT,Flagged,1
CONT832878,2024-10-06,04:22,NG,HAM,CA,8703,IMP5008,EXP1496,1233.77,1878.08,6076.19,0.15,YML,IMPORT,Seized,1
CONT261637,2024-09-11,11:15,SD,LAX,JP,3004,IMP1477,EXP9953,38422.67,16005.47,15416.21,7.48,ONE,IMPORT,Cleared,0
CONT205682,2024-06-02,19:36,AU,RTM,CH,6110,IMP6789,EXP2145,121669.68,9900.76,10287.08,5.36,ONE,IMPORT,Cleared,0
CONT413612,2024-07-09,09:28,FR,RTM,CH,8703,IMP2287,EXP2118,125020.74,1349.06,1382.7,37.17,HMM,TRANSIT,Cleared,0
CONT465208,2024-06-06,09:17,NG,HAM,AU,8471,IMP5087,EXP5374,27776.8,6981.98,6850.89,16.02,YML,IMPORT,Cleared,0
CONT319678,2024-05-17,07:43,DE,DXB,CA,8542,IMP7857,EXP2666,48141.37,14176.69,15058.67,33.79,COSCO,IMPORT,Cleared,0
CONT241554,2024-09-05,11:28,JP,DEL,DE,6110,IMP1493,EXP8042,166112.39,8715.56,8509.97,14.02,MSC,IMPORT,Cleared,0
