Container_ID,Declaration_Date,Declaration_Time,Origin_Country,Destination_Country,HS_Code,Importer_ID,Exporter_ID,Declared_Value,Declared_Weight,Measured_Weight,Dwell_Time_Hours,Shipping_Line,Trade_Regime,Clearance_Status,is_risky
CONT291335,2024-05-31,10:02,AF,GB,8703,IMP1769,EXP7949,91937.39,4485.26,4549.02,8.4,MSC,IMPORT,Cleared,0
CONT428947,2024-11-15,04:56,LY,AU,2710,IMP4556,EXP4890,859.74,8108.97,8712.75,118.89,ONE,IMPORT,Flagged,1
CONT560337,2024-12-25,01:03,SO,US,8517,IMP2021,EXP4843,538.7,14501.66,16736.04,0.72,HAPAG,IMPORT,Under Review,1
CONT453531,2024-07-08,13:39,PK,AU,6110,IMP7863,EXP8916,179491.33,18850.48,19624.36,30.31,MSC,IMPORT,Pending,0
CONT233767,2024-03-03,13:10,NL,US,2710,IMP7736,EXP1391,161428.41,6337.76,6122.8,7.28,CMA CGM,TRANSIT,Pending,0
CONT451279,2024-03-02,07:23,CH,US,6110,IMP3731,EXP9154,27594.47,7810.85,7842.35,41.98,CMA CGM,IMPORT,Cleared,0
CONT731347,2024-04-05,23:03,PK,US,6110,IMP8574,EXP7374,586529.81,11531.38,13093.32,0.7,COSCO,RE-EXPORT,Flagged,1
CONT175766,2024-12-13,16:24,JP,CH,3004,IMP8392,EXP2306,161716.05,4063.2,4174.79,12.21,HMM,RE-EXPORT,Pending,0
CONT265838,2024-11-10,15:53,AU,SG,9013,IMP4304,EXP4763,109147.44,4128.46,4169.18,25.33,MAERSK,IMPORT,Cleared,0
CONT494070,2024-08-11,07:32,PK,CA,8471,IMP6249,EXP6172,60543.9,5783.86,5450.93,5.62,PIL,TEMP_IMPORT,Cleared,0
CONT206081,2024-07-16,10:21,GB,GB,8471,IMP5282,EXP3511,77082.62,2536.21,2534.2,14.66,CMA CGM,IMPORT,Cleared,0
CONT373255,2024-05-08,12:10,JP,DE,2933,IMP7616,EXP6534,23754.43,14511.84,14278.42,45.38,PIL,IMPORT,Cleared,0
CONT217796,2024-06-08,19:58,CH,FR,3004,IMP8400,EXP4170,105744.0,19661.2,20307.97,15.48,CMA CGM,TRANSIT,Pending,0
CONT177505,2024-11-05,07:34,SG,DE,2933,IMP9352,EXP6699,77595.14,8685.65,8908.18,45.37,MAERSK,IMPORT,Pending,0
CONT499111,2024-10-09,02:26,YE,CA,8517,IMP5893,EXP8022,1179786.35,11290.47,7831.21,104.06,MAERSK,IMPORT,Under Review,1
CONT929957,2024-04-08,19:40,JP,FR,6110,IMP3327,EXP4420,154868.03,11868.08,12504.9,5.92,MAERSK,IMPORT,Pending,0
CONT613758,2024-02-23,14:57,PK,CH,2710,IMP2895,EXP3733,170971.65,17207.18,16770.05,17.94,YML,IMPORT,Cleared,0
CONT493002,2024-09-02,06:47,AU,NL,3004,IMP6596,EXP6801,106074.28,3661.6,3495.19,42.6,ONE,IMPORT,Cleared,0
CONT548982,2024-05-22,19:27,SG,JP,8517,IMP6919,EXP1853,160667.56,18351.57,18635.13,32.6,CMA CGM,IMPORT,Cleared,0
CONT213632,2024-09-20,11:52,AF,FR,6110,IMP6222,EXP6315,172778.9,16939.74,18897.66,15.01,HAPAG,IMPORT,Cleared,0
CONT368093,2024-10-05,15:08,IQ,FR,6110,IMP2664,EXP2081,89536.54,14290.73,14244.78,36.74,PIL,IMPORT,Cleared,0
CONT653663,2024-03-09,18:21,SD,AU,3004,IMP9130,EXP4147,40658.87,2783.59,2742.99,45.12,PIL,IMPORT,Cleared,0
CONT834965,2024-11-20,15:35,NL,CH,8517,IMP8390,EXP7905,72529.34,7495.71,7652.92,24.45,CMA CGM,IMPORT,Cleared,0
CONT249143,2024-06-26,17:34,FR,GB,8471,IMP5000,EXP6052,125090.98,13995.31,14247.18,45.53,CMA CGM,RE-EXPORT,Pending,0
CONT600328,2024-07-14,07:57,US,JP,6110,IMP6745,EXP1412,67200.25,19262.62,18981.52,41.17,YML,TRANSIT,Cleared,0
CONT924273,2024-04-05,08:23,NL,GB,3004,IMP8357,EXP4440,87576.83,11411.47,11482.54,29.01,ONE,TRANSIT,Cleared,0
CONT825256,2024-10-10,09:13,NL,NL,7108,IMP5946,EXP6486,80975.53,8176.85,8096.89,17.1,EVERGREEN,IMPORT,Cleared,0
CONT252617,2024-07-04,18:38,GB,FR,8542,IMP8330,EXP6334,151713.03,13777.85,15122.84,38.83,MSC,TEMP_IMPORT,Cleared,0
CONT389106,2024-05-15,10:47,CH,CA,8471,IMP2365,EXP9691,165262.71,12746.14,12580.45,35.07,MAERSK,RE-EXPORT,Cleared,0
CONT548345,2024-01-19,12:38,GB,CH,2710,IMP5268,EXP5748,143095.33,7654.15,7700.95,25.19,MSC,IMPORT,Cleared,0
CONT922827,2024-06-21,03:31,IR,CH,6110,IMP5175,EXP6348,1393974.91,2204.13,100.0,108.57,COSCO,IMPORT,Seized,1
CONT965291,2024-11-25,12:31,DE,NL,9013,IMP9549,EXP8575,199187.12,4158.09,4070.55,34.66,EVERGREEN,IMPORT,Cleared,0
CONT218012,2024-03-22,04:50,VE,JP,6110,IMP2838,EXP1009,784655.68,5623.61,7320.33,1.08,YML,RE-EXPORT,Flagged,1
CONT385977,2024-03-03,06:24,FR,FR,8703,IMP7970,EXP7938,78410.36,1500.97,1457.42,39.66,MAERSK,RE-EXPORT,Pending,0
CONT104809,2024-03-23,10:16,JP,FR,6110,IMP8245,EXP7600,151232.6,3543.19,3579.59,44.18,MAERSK,TEMP_IMPORT,Cleared,0
CONT608153,2024-06-10,12:53,SD,CH,8703,IMP1770,EXP5363,152614.83,17686.19,18700.42,6.06,MAERSK,IMPORT,Cleared,0
CONT421638,2024-07-10,16:33,SD,JP,8703,IMP7241,EXP9017,87004.48,16044.54,15773.42,38.53,CMA CGM,RE-EXPORT,Cleared,0
CONT465340,2024-05-17,06:55,CA,FR,8471,IMP6449,EXP3832,182541.9,9567.3,10296.11,17.11,COSCO,IMPORT,Cleared,0
CONT777775,2024-01-08,16:03,FR,CA,9013,IMP9472,EXP2887,71604.83,7600.85,7686.5,27.64,CMA CGM,IMPORT,Cleared,0
CONT441396,2024-11-21,18:00,AF,CA,6110,IMP7376,EXP1523,12969.38,4653.49,4462.01,11.43,PIL,RE-EXPORT,Cleared,0
CONT572930,2024-09-09,22:51,LY,US,9013,IMP9717,EXP9150,255.34,5162.95,9260.3,0.32,YML,TRANSIT,Flagged,1
CONT765627,2024-07-20,01:38,IR,FR,2933,IMP2296,EXP7229,1072187.14,2430.2,100.0,1.31,PIL,IMPORT,Flagged,1
CONT570951,2024-08-23,07:18,AF,SG,8542,IMP3472,EXP3739,102196.23,12278.26,12666.99,7.82,PIL,TRANSIT,Cleared,0
CONT564374,2024-04-21,11:03,NG,CA,9013,IMP9434,EXP3590,123126.09,19743.79,20130.95,14.44,YML,TRANSIT,Cleared,0
CONT344761,2024-06-21,16:43,CA,SG,6110,IMP7469,EXP9915,38323.08,8559.26,8411.15,33.42,MAERSK,TRANSIT,Pending,0
CONT382272,2024-06-26,09:55,US,JP,8542,IMP1260,EXP7038,61282.96,12601.78,12887.36,29.57,PIL,TEMP_IMPORT,Cleared,0
CONT227309,2024-05-16,10:33,DE,DE,2710,IMP3560,EXP6415,123189.87,2669.49,2663.75,38.95,HAPAG,IMPORT,Cleared,0
CONT779290,2024-03-18,10:25,NG,JP,7108,IMP1600,EXP2065,44317.33,16110.08,15615.27,11.2,HMM,TRANSIT,Cleared,0
CONT611937,2024-11-04,06:39,SG,AU,9013,IMP5018,EXP2970,150783.83,8161.94,7703.87,26.12,HAPAG,RE-EXPORT,Cleared,0
CONT756282,2024-06-05,19:37,SG,AU,2933,IMP2120,EXP1950,37512.5,14180.63,14031.09,42.66,MAERSK,IMPORT,Cleared,0
CONT491182,2024-06-05,09:07,CH,SG,6110,IMP3371,EXP3891,109613.86,10385.65,10259.07,20.67,MSC,IMPORT,Cleared,0
CONT700613,2024-05-13,15:07,GB,SG,3004,IMP1814,EXP1345,54100.82,11311.76,11400.18,19.21,PIL,IMPORT,Cleared,0
CONT100126,2024-04-15,10:48,NL,SG,8542,IMP7024,EXP6109,24931.47,5864.3,5977.48,44.43,CMA CGM,TRANSIT,Cleared,0
CONT479862,2024-11-08,09:00,CA,CA,8703,IMP5662,EXP7514,28948.1,18303.04,19162.2,14.38,YML,TRANSIT,Cleared,0
CONT398512,2024-05-07,07:42,FR,DE,2710,IMP2205,EXP2990,109792.14,7368.75,7145.01,44.47,COSCO,IMPORT,Cleared,0
CONT956912,2024-03-24,06:40,US,AU,8471,IMP5243,EXP4701,59129.5,15829.42,15043.56,13.68,HAPAG,IMPORT,Cleared,0
CONT841804,2024-10-12,19:15,US,US,9013,IMP8186,EXP3065,88223.84,6692.32,6517.48,39.19,MAERSK,TRANSIT,Cleared,0
CONT676775,2024-02-24,09:38,DE,US,2710,IMP5873,EXP2481,98812.15,11154.66,10615.24,25.87,CMA CGM,TRANSIT,Cleared,0
CONT786840,2024-08-26,13:36,AU,CA,2710,IMP8218,EXP8776,54508.27,19599.7,20318.34,12.63,YML,IMPORT,Cleared,0
CONT711213,2024-08-10,11:54,SD,FR,8517,IMP7150,EXP5425,162335.78,12460.75,11647.94,46.36,ONE,TRANSIT,Pending,0
CONT194914,2024-04-28,15:11,SO,DE,7108,IMP1804,EXP2279,179070.98,4447.27,4224.49,39.97,HMM,IMPORT,Cleared,0
CONT317215,2024-08-11,16:16,GB,AU,8517,IMP4186,EXP3573,157052.96,19516.4,20549.61,9.03,HMM,IMPORT,Cleared,0
CONT618271,2024-12-06,10:41,AU,CA,7108,IMP9232,EXP8184,30793.86,5142.44,4988.06,43.63,EVERGREEN,TRANSIT,Cleared,0
CONT851883,2024-08-24,16:56,AU,SG,6110,IMP9646,EXP3969,32303.62,3025.0,3193.24,15.6,EVERGREEN,IMPORT,Cleared,0
CONT517978,2024-10-21,09:39,SO,US,2710,IMP2333,EXP5150,18308.69,7723.56,7757.67,40.83,YML,RE-EXPORT,Cleared,0
CONT278376,2024-06-02,06:01,US,DE,6110,IMP3120,EXP3343,110269.34,6128.31,6087.4,11.13,MAERSK,IMPORT,Cleared,0
CONT716036,2024-02-13,07:58,SG,JP,8471,IMP4004,EXP6136,160886.1,9261.72,9458.37,34.57,PIL,TRANSIT,Cleared,0
CONT692245,2024-07-16,12:07,PK,FR,2933,IMP7609,EXP6387,175224.44,11296.12,11105.51,36.22,PIL,IMPORT,Cleared,0
CONT666074,2024-08-02,13:28,SO,DE,8517,IMP4294,EXP6085,11619.47,14405.93,14759.66,34.69,COSCO,RE-EXPORT,Cleared,0
CONT234055,2024-07-01,18:22,CH,DE,3004,IMP8694,EXP7640,131782.63,13246.39,13299.58,20.05,COSCO,TRANSIT,Cleared,0
CONT830892,2024-05-20,16:17,DE,AU,2710,IMP8206,EXP3032,86413.69,10883.19,11213.0,24.33,EVERGREEN,IMPORT,Pending,0
CONT132733,2024-06-25,10:02,PK,US,9013,IMP3033,EXP7467,154813.32,19697.59,19581.61,22.38,MSC,IMPORT,Cleared,0
CONT599722,2024-03-02,23:12,KP,SG,8517,IMP8878,EXP6690,844097.27,14821.97,13829.37,1.43,YML,RE-EXPORT,Seized,1
CONT933032,2024-04-08,11:19,FR,AU,8542,IMP8657,EXP3466,191667.7,16782.21,16572.83,40.35,MSC,IMPORT,Cleared,0
CONT134701,2024-12-22,14:33,JP,GB,2933,IMP8490,EXP2218,48765.91,16500.83,16449.32,13.85,HMM,RE-EXPORT,Cleared,0
CONT186988,2024-03-21,01:49,LY,FR,9013,IMP1317,EXP3396,808.11,14008.05,13116.61,78.24,CMA CGM,RE-EXPORT,Flagged,1
CONT205228,2024-12-28,16:44,DE,NL,2933,IMP5286,EXP4738,106645.76,11331.8,11470.98,42.2,HAPAG,IMPORT,Cleared,0
CONT529725,2024-02-08,16:30,AF,FR,8517,IMP3403,EXP9780,10703.22,17565.03,17901.21,40.34,ONE,IMPORT,Cleared,0
CONT827955,2024-12-17,23:35,LY,FR,8517,IMP8491,EXP2040,1304610.84,8617.74,10286.86,0.28,HAPAG,TRANSIT,Seized,1
CONT389226,2024-02-27,11:22,CA,JP,8542,IMP4356,EXP9707,152861.32,12797.39,12582.81,5.08,MAERSK,IMPORT,Cleared,0
CONT384186,2024-07-13,19:16,IQ,GB,9013,IMP1988,EXP5116,140268.03,16101.38,16283.59,13.71,EVERGREEN,TRANSIT,Cleared,0
CONT444855,2024-01-12,06:17,NL,NL,9013,IMP6179,EXP7573,146262.42,9403.68,9088.68,36.82,HMM,RE-EXPORT,Cleared,0
CONT931291,2024-02-15,17:14,IQ,FR,2933,IMP2875,EXP2763,108419.11,9620.18,9282.12,4.79,HMM,IMPORT,Cleared,0
CONT257661,2024-11-15,10:17,IQ,DE,8703,IMP7154,EXP6420,89483.12,13378.87,13736.38,47.31,HMM,RE-EXPORT,Cleared,0
CONT720635,2024-05-27,19:32,SG,CA,8542,IMP7047,EXP9032,151086.52,14761.42,14000.71,10.42,MSC,IMPORT,Cleared,0
CONT821001,2024-10-31,07:39,SD,DE,2710,IMP1634,EXP2925,30879.57,1630.86,1622.1,28.97,HMM,RE-EXPORT,Cleared,0
CONT829497,2024-01-03,04:40,MM,CA,8542,IMP5109,EXP8179,1288078.85,10781.38,15544.45,82.25,ONE,TRANSIT,Seized,1
CONT170326,2024-10-14,12:50,JP,FR,8517,IMP8057,EXP1661,195293.72,5165.07,5051.66,18.82,EVERGREEN,TEMP_IMPORT,Cleared,0
CONT608062,2024-01-24,06:19,JP,FR,6110,IMP4453,EXP7675,86587.96,2549.0,2444.26,12.96,YML,IMPORT,Cleared,0
CONT486821,2024-10-21,07:41,NL,GB,2710,IMP2394,EXP5732,146425.24,9333.69,9200.92,25.41,CMA CGM,TRANSIT,Pending,0
CONT913348,2024-11-20,07:37,IQ,AU,2933,IMP3365,EXP2525,122361.8,5480.05,5401.75,31.83,YML,IMPORT,Cleared,0
CONT244832,2024-06-12,10:44,AU,FR,3004,IMP4374,EXP7430,81260.9,4106.95,4278.01,46.65,PIL,IMPORT,Cleared,0
CONT377707,2024-06-13,04:48,MM,FR,8471,IMP3203,EXP2390,1216.98,5386.55,6542.45,93.38,HAPAG,IMPORT,Flagged,1
CONT796595,2024-06-29,04:49,LY,CH,9013,IMP6370,EXP1125,198223.99,1327.76,100.0,0.73,MSC,IMPORT,Flagged,1
CONT490479,2024-08-21,18:54,AU,GB,9013,IMP9320,EXP7812,135038.53,9640.06,9032.47,10.14,HAPAG,RE-EXPORT,Cleared,0
CONT201376,2024-05-26,22:30,PK,GB,6110,IMP9125,EXP4291,563.88,12652.67,14837.01,145.04,MSC,TEMP_IMPORT,Flagged,1
CONT435441,2024-10-05,03:18,SO,DE,8471,IMP2367,EXP9189,271915.22,6400.17,10286.09,123.73,HAPAG,TRANSIT,Under Review,1
CONT239999,2024-10-17,14:43,US,US,8703,IMP8010,EXP8117,82253.67,7962.77,8664.55,34.6,PIL,TRANSIT,Cleared,0
CONT766923,2024-08-15,07:14,FR,FR,3004,IMP6445,EXP7570,10000.2,17403.34,16098.4,19.01,EVERGREEN,IMPORT,Cleared,0
CONT621863,2024-05-23,03:41,NG,JP,7108,IMP7787,EXP3137,822141.57,13521.44,10075.32,0.59,HMM,IMPORT,Seized,1
CONT666956,2024-12-27,03:46,SD,SG,3004,IMP8285,EXP2300,1177.89,12096.83,8406.12,126.34,HAPAG,IMPORT,Under Review,1
CONT227834,2024-10-19,06:03,IQ,CH,8517,IMP7807,EXP7674,85150.55,12608.64,13475.21,40.95,COSCO,IMPORT,Pending,0
CONT966964,2024-05-29,06:47,DE,AU,6110,IMP1987,EXP8622,34831.84,15566.47,15452.15,14.35,PIL,IMPORT,Pending,0
CONT394054,2024-08-28,08:10,NL,CH,3004,IMP3349,EXP6699,197618.18,10438.57,10085.48,10.0,PIL,IMPORT,Cleared,0
CONT825947,2024-01-05,06:43,AF,DE,6110,IMP8397,EXP2735,49198.0,2508.97,2465.19,19.62,MSC,TRANSIT,Cleared,0
CONT880641,2024-10-12,06:51,CH,JP,9013,IMP1661,EXP4374,135549.96,7327.04,7103.98,47.74,HMM,IMPORT,Cleared,0
CONT727035,2024-04-24,18:39,SD,AU,8703,IMP7099,EXP9555,134657.79,9557.05,9346.16,39.0,MAERSK,RE-EXPORT,Pending,0
CONT634003,2024-08-13,17:13,CA,CA,7108,IMP5576,EXP6782,158640.89,5883.9,6102.09,42.05,MSC,IMPORT,Cleared,0
CONT969794,2024-05-22,12:21,DE,CA,6110,IMP9435,EXP5107,82411.4,18802.2,17766.46,23.68,MAERSK,IMPORT,Cleared,0
CONT664749,2024-03-13,12:14,JP,GB,6110,IMP8842,EXP7721,108833.83,13811.77,14022.26,35.74,MSC,IMPORT,Cleared,0
CONT245788,2024-01-25,19:12,DE,CA,6110,IMP3529,EXP3964,173092.82,13178.47,13089.46,44.6,MSC,IMPORT,Cleared,0
CONT351537,2024-11-11,19:05,AF,GB,8517,IMP6179,EXP7610,193335.32,11441.06,11508.88,23.03,CMA CGM,IMPORT,Cleared,0
CONT721827,2024-09-16,00:38,SY,US,9013,IMP7928,EXP2382,1420566.93,7526.72,8286.74,81.55,COSCO,IMPORT,Flagged,1
CONT955684,2024-07-01,10:01,CA,CA,6110,IMP3293,EXP5837,76713.07,9095.58,8722.61,22.22,EVERGREEN,TRANSIT,Cleared,0
CONT610259,2024-09-12,04:54,MM,FR,6110,IMP8961,EXP6827,1295667.73,3620.43,100.0,1.44,MSC,IMPORT,Flagged,1
CONT153352,2024-07-10,15:16,SG,US,9013,IMP1392,EXP9616,124745.86,16403.03,16292.43,41.82,MAERSK,RE-EXPORT,Cleared,0
CONT680780,2024-03-09,00:31,LY,SG,8471,IMP7230,EXP5940,1310.68,13989.62,18547.55,0.64,YML,IMPORT,Seized,1
CONT749714,2024-01-28,08:50,AF,AU,8542,IMP9964,EXP7493,95079.65,16240.48,15054.65,47.63,HAPAG,TRANSIT,Pending,0
CONT790504,2024-02-18,13:35,CA,NL,7108,IMP9569,EXP5285,105358.23,2569.74,2584.06,43.55,MSC,IMPORT,Cleared,0
CONT170119,2024-11-10,01:13,VE,NL,8542,IMP8128,EXP3461,1642.36,2152.37,100.0,0.32,COSCO,IMPORT,Under Review,1
CONT941965,2024-05-14,23:22,IQ,SG,8703,IMP9853,EXP5330,1770.61,9864.26,6342.71,1.39,HMM,RE-EXPORT,Flagged,1
CONT895326,2024-04-27,22:18,IR,JP,3004,IMP3460,EXP6926,1933746.51,2410.07,1496.65,1.28,HMM,TRANSIT,Seized,1
CONT256570,2024-03-06,22:40,VE,AU,2933,IMP3547,EXP3979,1774756.48,635.31,100.0,0.66,HAPAG,RE-EXPORT,Flagged,1
CONT724771,2024-04-20,10:03,PK,CH,7108,IMP2929,EXP2013,34033.17,15168.94,14509.16,17.45,CMA CGM,IMPORT,Pending,0
CONT389910,2024-03-11,14:03,CA,GB,2710,IMP5431,EXP7841,5627.56,14216.74,13744.9,31.26,ONE,TRANSIT,Cleared,0
CONT869727,2024-01-19,04:47,VE,GB,7108,IMP6469,EXP7256,1046.69,9190.85,7476.66,161.01,ONE,IMPORT,Seized,1
CONT785614,2024-03-18,16:10,US,CA,3004,IMP4471,EXP6624,87143.37,12366.28,12436.71,31.99,COSCO,IMPORT,Cleared,0
CONT123284,2024-02-04,16:45,AF,JP,8542,IMP8999,EXP7052,119232.98,14304.79,14552.3,29.81,COSCO,RE-EXPORT,Cleared,0
CONT750024,2024-06-30,09:45,FR,CA,2933,IMP8710,EXP2619,181263.1,14414.36,14203.87,44.01,YML,IMPORT,Cleared,0
CONT196044,2024-08-15,22:55,LY,NL,7108,IMP9017,EXP3297,1821.88,1146.63,2824.3,1.46,HMM,IMPORT,Flagged,1
CONT570670,2024-07-17,09:20,NG,SG,8542,IMP3539,EXP4959,180467.5,7599.52,7631.86,4.96,HMM,IMPORT,Cleared,0
CONT368448,2024-06-26,14:52,FR,NL,7108,IMP7633,EXP1597,95466.83,13429.32,13547.59,46.77,ONE,IMPORT,Cleared,0
CONT883301,2024-07-16,06:33,AF,DE,8471,IMP2537,EXP4137,145948.79,17342.65,16636.85,6.98,PIL,IMPORT,Cleared,0
CONT924255,2024-02-01,08:06,AF,US,6110,IMP6774,EXP7519,26827.51,15236.39,15668.11,19.66,YML,RE-EXPORT,Pending,0
CONT181816,2024-09-04,06:02,PK,DE,9013,IMP8264,EXP2577,189594.4,5854.37,5733.32,28.65,COSCO,TRANSIT,Cleared,0
CONT962371,2024-03-25,13:07,AU,NL,3004,IMP6000,EXP5654,193072.95,16619.96,17272.86,12.97,YML,IMPORT,Cleared,0
CONT471616,2024-08-07,07:00,CA,SG,3004,IMP8167,EXP1612,66768.53,16071.97,15798.03,41.72,EVERGREEN,IMPORT,Pending,0
CONT477501,2024-09-25,10:33,CA,FR,7108,IMP1923,EXP2125,67335.03,17280.6,17456.93,47.49,PIL,IMPORT,Cleared,0
CONT262002,2024-02-29,23:43,KP,CA,2933,IMP6569,EXP3990,498.53,8616.46,7984.32,1.12,HMM,IMPORT,Flagged,1
CONT649844,2024-06-11,15:51,JP,US,8517,IMP7450,EXP6433,107459.81,17716.62,17428.3,14.75,HMM,IMPORT,Cleared,0
CONT305735,2024-09-04,07:27,US,JP,3004,IMP7344,EXP6779,128657.72,16987.5,17193.25,9.56,MAERSK,RE-EXPORT,Cleared,0
CONT543316,2024-10-28,10:51,IQ,JP,7108,IMP1459,EXP8568,173945.37,7467.22,7461.8,13.48,ONE,RE-EXPORT,Cleared,0
CONT863760,2024-10-07,02:39,IQ,GB,9013,IMP5249,EXP2750,310.88,9936.14,13454.44,0.63,HAPAG,RE-EXPORT,Seized,1
CONT981272,2024-10-01,17:46,JP,AU,7108,IMP5493,EXP1933,196450.75,16694.74,17117.16,31.34,EVERGREEN,IMPORT,Cleared,0
CONT443912,2024-05-04,23:45,SY,DE,8703,IMP4198,EXP6374,1666616.14,679.86,2457.09,167.13,ONE,IMPORT,Flagged,1
CONT572367,2024-10-02,10:36,SO,FR,2710,IMP8851,EXP8156,118647.33,1658.74,1683.38,47.8,HMM,RE-EXPORT,Pending,0
CONT227795,2024-04-02,08:21,US,CH,9013,IMP8986,EXP4740,182581.93,2229.05,2194.42,24.44,CMA CGM,IMPORT,Cleared,0
CONT897622,2024-12-26,13:00,PK,DE,9013,IMP5005,EXP8429,158416.32,5449.5,5488.91,46.71,HAPAG,IMPORT,Cleared,0
CONT173869,2024-10-17,08:47,PK,SG,7108,IMP6808,EXP7796,96580.15,12477.36,12404.26,23.82,HAPAG,RE-EXPORT,Cleared,0
CONT492720,2024-12-09,00:20,SD,NL,2710,IMP1182,EXP4112,1186.89,12736.91,10712.03,0.66,ONE,IMPORT,Flagged,1
CONT702567,2024-04-18,08:11,JP,SG,8471,IMP7246,EXP1987,186238.21,9561.34,9648.73,11.27,PIL,TRANSIT,Cleared,0
CONT853298,2024-08-26,07:27,SD,FR,9013,IMP4808,EXP1331,27325.09,1971.57,2066.93,20.89,PIL,IMPORT,Cleared,0
CONT956626,2024-04-27,15:08,DE,DE,2933,IMP8718,EXP1770,137340.64,13702.88,14071.56,19.92,COSCO,TRANSIT,Cleared,0
CONT320972,2024-12-22,06:20,AF,AU,8471,IMP5318,EXP8064,7282.79,2262.43,2184.8,22.57,ONE,RE-EXPORT,Cleared,0
CONT430814,2024-01-23,23:39,YE,NL,8542,IMP2141,EXP2635,682.0,12851.7,16380.05,100.96,MAERSK,IMPORT,Under Review,1
CONT345404,2024-07-20,09:17,PK,JP,2710,IMP6546,EXP2829,32805.86,9180.06,9209.95,43.16,EVERGREEN,IMPORT,Cleared,0
CONT745194,2024-02-14,16:03,SG,JP,8542,IMP8597,EXP5458,32407.83,19772.68,20894.62,25.37,PIL,IMPORT,Cleared,0
CONT656066,2024-03-27,15:05,AF,FR,7108,IMP1785,EXP7139,61402.73,9711.94,9577.3,43.6,HMM,TEMP_IMPORT,Cleared,0
CONT764929,2024-04-18,08:50,IQ,CH,8542,IMP1340,EXP1382,37825.71,3880.1,4186.58,14.86,EVERGREEN,TEMP_IMPORT,Cleared,0
CONT819282,2024-09-29,07:34,JP,GB,8517,IMP3151,EXP7905,118681.96,4139.6,3915.36,47.99,CMA CGM,IMPORT,Cleared,0
CONT259380,2024-09-02,11:10,PK,CA,3004,IMP1475,EXP8684,30812.61,17198.6,17468.84,30.09,MAERSK,TRANSIT,Cleared,0
CONT195071,2024-03-10,17:54,CH,GB,8542,IMP6347,EXP8269,34015.21,18936.8,19091.0,24.36,MAERSK,IMPORT,Pending,0
CONT928294,2024-12-30,08:34,NG,GB,2933,IMP2863,EXP1115,173787.54,10714.23,11587.21,47.15,MAERSK,TRANSIT,Cleared,0
CONT414063,2024-04-23,19:31,SG,AU,8703,IMP4420,EXP6845,177275.63,2186.69,2169.0,23.73,CMA CGM,TRANSIT,Cleared,0
CONT428768,2024-10-18,00:24,LY,AU,6110,IMP7144,EXP6668,1104.3,5701.38,7701.71,199.72,YML,RE-EXPORT,Under Review,1
CONT906242,2024-03-12,09:02,NL,CA,8517,IMP3092,EXP3130,22277.92,15556.2,15720.22,25.46,HAPAG,IMPORT,Cleared,0
CONT415261,2024-02-24,02:26,VE,SG,8703,IMP3780,EXP8398,1449.21,12020.48,14672.64,0.51,EVERGREEN,RE-EXPORT,Flagged,1
CONT378710,2024-01-23,11:31,SD,US,8542,IMP8651,EXP6575,122681.15,19600.64,20229.91,19.74,HAPAG,IMPORT,Cleared,0
CONT942503,2024-01-12,16:54,SD,AU,8517,IMP5945,EXP8927,61544.17,9800.28,9574.78,28.78,MSC,TRANSIT,Cleared,0
CONT914422,2024-03-28,11:49,US,CA,9013,IMP7056,EXP3437,5026.27,7034.15,6815.93,26.49,EVERGREEN,RE-EXPORT,Cleared,0
CONT865348,2024-07-04,02:22,IQ,JP,8542,IMP2948,EXP8094,695.36,12487.36,10770.59,1.37,PIL,IMPORT,Under Review,1
CONT487881,2024-04-10,17:53,NG,FR,3004,IMP3587,EXP6672,63120.18,13661.32,13697.66,8.64,CMA CGM,IMPORT,Cleared,0
CONT806528,2024-04-09,22:44,YE,CA,3004,IMP2772,EXP9353,1148.93,5862.29,10227.6,1.29,HMM,IMPORT,Under Review,1
CONT416480,2024-12-21,11:20,DE,CA,2710,IMP2548,EXP8480,195045.4,15004.83,15093.66,6.3,MAERSK,IMPORT,Cleared,0
CONT837954,2024-04-20,19:37,PK,CH,8471,IMP4253,EXP5979,182658.4,2897.47,2803.39,40.88,YML,TRANSIT,Cleared,0
CONT832763,2024-07-04,06:11,CH,SG,8703,IMP6818,EXP3222,137120.74,10861.61,11118.56,17.72,HMM,IMPORT,Cleared,0
CONT281196,2024-05-14,16:35,SO,FR,2710,IMP5552,EXP3207,48536.36,7309.89,7582.7,32.24,YML,TRANSIT,Cleared,0
CONT187265,2024-07-23,18:14,SG,DE,3004,IMP9707,EXP6223,34703.92,4934.8,4812.91,43.58,HMM,IMPORT,Cleared,0
CONT993388,2024-06-29,15:07,GB,JP,9013,IMP6102,EXP8006,43187.45,11345.16,10916.26,10.2,MAERSK,IMPORT,Cleared,0
CONT902673,2024-01-05,15:19,SG,US,7108,IMP3295,EXP6685,110068.54,14774.64,14501.45,6.67,MAERSK,TEMP_IMPORT,Cleared,0
CONT924837,2024-04-02,19:07,IQ,JP,8471,IMP8888,EXP7474,153366.6,7731.09,7882.92,28.06,MSC,RE-EXPORT,Cleared,0
CONT438365,2024-11-27,16:10,CA,CH,6110,IMP8186,EXP7102,129125.04,3068.97,3085.97,25.92,ONE,IMPORT,Cleared,0
CONT211086,2024-04-03,03:00,KP,GB,3004,IMP4667,EXP6973,1893033.03,12526.18,7940.63,195.78,HAPAG,TRANSIT,Flagged,1
CONT967482,2024-12-14,16:02,GB,CA,8542,IMP3787,EXP8432,67725.65,7783.56,7491.58,41.31,HAPAG,IMPORT,Cleared,0
CONT732413,2024-06-11,09:34,JP,FR,8471,IMP4674,EXP4929,104980.45,10398.83,10587.42,25.19,MAERSK,TRANSIT,Cleared,0
CONT742762,2024-02-10,12:40,GB,CH,6110,IMP2913,EXP6520,180936.1,11902.98,12305.14,42.6,HAPAG,RE-EXPORT,Pending,0
CONT357906,2024-04-18,17:06,AF,CH,3004,IMP7297,EXP8812,145236.18,9196.23,9120.72,28.79,EVERGREEN,TRANSIT,Cleared,0
CONT514170,2024-11-19,17:57,GB,NL,2710,IMP3468,EXP4607,41296.5,10453.26,10581.53,18.59,YML,TRANSIT,Pending,0
CONT863529,2024-06-16,02:06,IQ,NL,3004,IMP4156,EXP5307,1868918.94,8316.87,10122.0,1.17,CMA CGM,RE-EXPORT,Flagged,1
CONT492573,2024-02-16,22:53,SY,NL,7108,IMP6141,EXP9501,1509603.02,4996.23,1512.51,0.95,EVERGREEN,IMPORT,Seized,1
CONT415018,2024-01-10,14:21,AU,US,2933,IMP3832,EXP6679,143317.56,11345.44,10894.29,11.36,COSCO,TRANSIT,Cleared,0
CONT637977,2024-06-15,23:56,MM,AU,8471,IMP4489,EXP1680,1872.56,11820.61,9030.6,0.32,HMM,IMPORT,Flagged,1
CONT437369,2024-09-27,06:35,GB,JP,7108,IMP7033,EXP9560,135855.78,3989.2,4026.5,23.15,CMA CGM,TRANSIT,Cleared,0
CONT461447,2024-01-13,03:47,AF,CA,2710,IMP9850,EXP3763,546449.47,9430.72,11900.2,140.39,PIL,RE-EXPORT,Flagged,1
CONT505105,2024-09-28,12:54,PK,SG,2710,IMP5595,EXP5559,174925.74,6510.87,6423.21,33.6,YML,IMPORT,Cleared,0
CONT363031,2024-02-28,10:32,SD,CA,8517,IMP4951,EXP4560,187323.91,8422.96,8330.35,22.94,CMA CGM,TRANSIT,Pending,0
CONT573918,2024-07-20,01:40,SY,DE,2933,IMP7361,EXP6693,1301.34,6030.9,2643.09,1.19,PIL,IMPORT,Flagged,1
CONT750443,2024-03-11,06:58,FR,US,2710,IMP7241,EXP9399,113321.61,19600.19,18847.47,12.35,MSC,IMPORT,Cleared,0
CONT588019,2024-11-17,09:29,CA,JP,6110,IMP3849,EXP2742,185476.83,3734.9,3602.02,7.01,PIL,IMPORT,Cleared,0
CONT928569,2024-09-22,06:52,CA,JP,8703,IMP3994,EXP9751,57863.77,6945.24,7017.1,30.3,EVERGREEN,IMPORT,Pending,0
CONT206121,2024-03-13,08:44,DE,US,8542,IMP8071,EXP8967,80194.64,8097.54,8132.05,45.2,HAPAG,TEMP_IMPORT,Cleared,0
CONT104138,2024-02-10,23:41,KP,US,8517,IMP9560,EXP9342,260172.5,6786.95,2281.69,0.46,COSCO,IMPORT,Flagged,1
CONT153053,2024-11-09,07:32,NL,JP,8517,IMP2629,EXP2526,20043.31,1300.45,1280.91,44.09,PIL,RE-EXPORT,Cleared,0
CONT526674,2024-07-27,19:08,GB,SG,8703,IMP8786,EXP9024,125272.8,18721.5,17934.96,36.69,ONE,IMPORT,Cleared,0
CONT577177,2024-06-16,15:35,CA,CA,8517,IMP6738,EXP6668,11826.54,17336.65,17444.2,38.64,MSC,RE-EXPORT,Cleared,0
CONT256470,2024-01-03,17:13,NG,US,8703,IMP9312,EXP8552,84488.41,12378.06,12525.35,24.66,HAPAG,IMPORT,Cleared,0
CONT758966,2024-06-01,03:20,KP,CH,8542,IMP4927,EXP7296,1469074.54,3191.88,100.0,109.02,ONE,IMPORT,Under Review,1
CONT224116,2024-11-12,06:08,FR,US,8703,IMP3594,EXP8206,74112.87,7208.11,6923.99,26.25,HAPAG,IMPORT,Pending,0
CONT332076,2024-06-08,10:45,AU,AU,7108,IMP2647,EXP7038,90646.07,16920.26,17133.5,30.86,MAERSK,TRANSIT,Cleared,0
CONT403602,2024-05-01,06:09,FR,CH,2710,IMP8178,EXP3294,105412.0,14915.62,15187.17,11.1,HAPAG,IMPORT,Cleared,0
CONT858761,2024-12-19,15:50,SD,SG,8703,IMP2920,EXP5188,86076.15,19237.39,19826.86,22.87,MAERSK,IMPORT,Cleared,0
CONT261081,2024-10-31,06:38,AU,JP,6110,IMP1192,EXP2776,139954.36,3714.0,3946.69,13.08,MAERSK,RE-EXPORT,Cleared,0
CONT873952,2024-04-02,13:56,JP,SG,8703,IMP7773,EXP4816,54388.11,11652.89,12164.74,4.44,ONE,IMPORT,Cleared,0
CONT794119,2024-10-18,03:14,SD,NL,7108,IMP5780,EXP5177,1330.77,13297.12,12736.96,98.04,MSC,IMPORT,Flagged,1
CONT573146,2024-03-02,11:03,GB,SG,7108,IMP3890,EXP7239,114016.56,19946.46,20542.98,18.13,MSC,TRANSIT,Cleared,0
CONT898009,2024-07-27,19:34,PK,AU,6110,IMP6330,EXP8871,88083.84,13007.78,13048.35,28.11,ONE,TRANSIT,Cleared,0
CONT297097,2024-09-01,15:21,CA,GB,8542,IMP3891,EXP4516,182104.56,15249.58,14984.67,37.38,HAPAG,IMPORT,Cleared,0
CONT577697,2024-06-26,06:11,NL,CH,2710,IMP1857,EXP5886,182028.51,5588.51,5526.39,26.31,MSC,TEMP_IMPORT,Cleared,0
CONT361497,2024-04-19,06:12,SD,FR,7108,IMP8957,EXP4046,56492.09,14154.82,13557.95,45.32,EVERGREEN,RE-EXPORT,Cleared,0
CONT967196,2024-04-05,10:34,AU,CA,6110,IMP3875,EXP4191,150828.52,19682.81,20075.82,10.63,MSC,TRANSIT,Cleared,0
CONT721825,2024-09-20,11:10,SD,DE,8471,IMP2205,EXP5988,68431.67,17874.25,18248.16,43.64,HAPAG,IMPORT,Pending,0
CONT998035,2024-07-05,18:20,NG,US,2710,IMP7644,EXP3850,6115.12,18737.85,19076.52,24.5,HAPAG,IMPORT,Cleared,0
CONT878754,2024-07-26,15:04,DE,JP,6110,IMP1067,EXP6660,65246.42,14417.01,14867.62,9.84,CMA CGM,IMPORT,Cleared,0
CONT210130,2024-05-28,16:11,NG,FR,8517,IMP6232,EXP3217,78929.89,11997.96,12377.55,20.35,COSCO,RE-EXPORT,Cleared,0
CONT322123,2024-05-12,12:22,SO,FR,2933,IMP1570,EXP3904,136583.33,9640.52,9698.05,33.81,HMM,IMPORT,Cleared,0
CONT537651,2024-04-21,18:32,US,DE,3004,IMP8226,EXP6162,142502.13,13082.87,12609.53,24.03,YML,RE-EXPORT,Cleared,0
CONT808387,2024-01-26,06:10,JP,CA,9013,IMP7055,EXP4882,190939.34,13141.61,13288.86,42.79,HAPAG,TRANSIT,Cleared,0
CONT365471,2024-03-13,22:34,SY,SG,2710,IMP3259,EXP2257,1777538.15,13777.25,18241.63,196.95,MAERSK,TRANSIT,Flagged,1
CONT715324,2024-01-11,06:33,SG,CH,8517,IMP2094,EXP3411,72763.88,18874.69,18623.19,23.16,PIL,IMPORT,Cleared,0
CONT846055,2024-10-22,10:43,CA,NL,9013,IMP2942,EXP7026,19590.14,18905.29,19092.09,23.29,YML,IMPORT,Cleared,0
CONT934325,2024-05-09,01:30,SD,AU,3004,IMP3011,EXP4373,499.96,5801.14,9334.11,171.43,EVERGREEN,IMPORT,Under Review,1
CONT523350,2024-04-15,15:52,SO,NL,9013,IMP9417,EXP1776,100127.69,3737.5,3577.56,7.62,HAPAG,TRANSIT,Cleared,0
CONT337068,2024-12-02,12:31,JP,AU,2933,IMP5135,EXP8124,134519.33,19843.68,20308.84,12.77,MSC,IMPORT,Cleared,0
CONT868223,2024-11-13,09:39,PK,NL,8471,IMP3032,EXP2252,172659.96,10180.44,10050.8,21.9,HAPAG,IMPORT,Cleared,0
CONT365406,2024-04-29,18:27,CH,CA,6110,IMP6570,EXP8579,83541.29,17522.52,18067.02,46.69,CMA CGM,IMPORT,Pending,0
CONT900511,2024-07-05,15:11,CA,JP,8471,IMP6918,EXP1348,77378.06,12473.17,13057.27,38.57,EVERGREEN,IMPORT,Cleared,0
CONT591121,2024-10-02,09:51,NL,CH,8471,IMP3979,EXP4968,106414.44,5800.27,6154.39,26.97,MAERSK,IMPORT,Cleared,0
CONT511324,2024-09-28,06:54,NG,NL,8517,IMP1721,EXP8678,51438.6,1761.12,1711.64,43.97,MAERSK,TRANSIT,Cleared,0
CONT598512,2024-04-25,10:14,DE,AU,2933,IMP3761,EXP4435,166372.85,8559.45,8387.97,11.51,EVERGREEN,IMPORT,Cleared,0
CONT288487,2024-06-03,23:11,MM,SG,8471,IMP4303,EXP4113,1532.09,6853.59,11837.38,0.43,CMA CGM,TRANSIT,Seized,1
CONT317314,2024-05-18,00:23,AF,US,8471,IMP8282,EXP2874,1861.97,3935.53,100.0,74.45,ONE,IMPORT,Flagged,1
CONT326572,2024-11-03,06:57,JP,GB,8471,IMP4176,EXP2251,121927.38,4653.89,4775.85,26.28,ONE,IMPORT,Cleared,0
CONT880734,2024-07-26,07:49,PK,SG,7108,IMP5005,EXP1183,20393.18,7459.47,7125.52,23.48,YML,IMPORT,Cleared,0
CONT370146,2024-05-31,15:04,IQ,JP,2710,IMP4354,EXP1270,134073.16,10528.84,10469.81,37.05,CMA CGM,IMPORT,Cleared,0
CONT224591,2024-07-01,09:47,CH,AU,8471,IMP4672,EXP5765,171945.84,14625.29,13909.91,19.7,CMA CGM,IMPORT,Cleared,0
CONT125901,2024-01-25,19:20,US,GB,9013,IMP3672,EXP8279,27800.09,16627.4,16599.2,34.01,ONE,TRANSIT,Pending,0
CONT238419,2024-07-18,15:54,PK,NL,6110,IMP7009,EXP2716,107012.89,17587.37,16900.28,34.79,ONE,IMPORT,Cleared,0
CONT993659,2024-04-03,03:08,MM,CA,3004,IMP4806,EXP7100,161.64,3780.99,604.18,1.31,YML,IMPORT,Flagged,1
CONT147111,2024-07-08,00:46,KP,JP,8471,IMP5624,EXP9848,1979920.35,10534.16,9051.99,0.91,HAPAG,IMPORT,Seized,1
CONT880962,2024-02-29,10:05,CA,SG,6110,IMP8984,EXP1406,117412.13,11748.08,11641.71,37.52,HMM,TRANSIT,Cleared,0
CONT759981,2024-01-13,06:06,CH,NL,3004,IMP8566,EXP5670,36437.67,8747.21,8677.49,32.88,CMA CGM,IMPORT,Pending,0
CONT279001,2024-05-07,09:13,GB,CA,6110,IMP8023,EXP4907,180355.77,13945.71,13679.28,46.34,YML,IMPORT,Cleared,0
CONT390951,2024-10-06,08:14,SD,CA,2933,IMP4558,EXP1961,47917.29,3969.39,3748.17,26.8,YML,IMPORT,Cleared,0
CONT319707,2024-04-07,18:42,AU,AU,3004,IMP9644,EXP9069,151717.59,13072.87,12575.06,27.38,YML,RE-EXPORT,Cleared,0
CONT609668,2024-07-20,15:19,GB,NL,8703,IMP3671,EXP7519,102593.08,15594.44,16390.93,23.09,CMA CGM,RE-EXPORT,Cleared,0
CONT382579,2024-05-29,11:47,SO,US,3004,IMP9970,EXP1972,72432.19,19349.2,20224.34,33.53,PIL,IMPORT,Cleared,0
CONT771868,2024-06-23,15:04,AU,JP,7108,IMP3971,EXP3017,89041.86,9733.37,9531.26,17.4,YML,IMPORT,Cleared,0
CONT831234,2024-01-11,07:20,SD,CH,6110,IMP8381,EXP5780,161967.93,14760.42,14284.77,6.31,ONE,IMPORT,Cleared,0
CONT412849,2024-07-05,06:25,SO,JP,8703,IMP5586,EXP9622,12006.39,6276.66,6518.19,44.78,PIL,IMPORT,Cleared,0
CONT866843,2024-01-12,12:12,AU,SG,8471,IMP1464,EXP5471,115383.97,1118.89,1120.83,37.06,COSCO,RE-EXPORT,Cleared,0
CONT953062,2024-06-28,12:36,SO,CH,2710,IMP4982,EXP6555,14859.04,4671.74,4571.44,31.56,CMA CGM,IMPORT,Cleared,0
CONT601793,2024-05-20,02:42,LY,AU,8703,IMP7364,EXP3581,786.04,13706.64,12535.02,93.93,COSCO,RE-EXPORT,Flagged,1
CONT652452,2024-12-08,07:10,AU,DE,6110,IMP1277,EXP2859,159151.5,3111.61,3192.11,10.21,MSC,IMPORT,Cleared,0
CONT678748,2024-12-04,14:30,IQ,FR,6110,IMP1287,EXP6953,195569.59,19780.0,19982.06,38.93,COSCO,IMPORT,Cleared,0
CONT807910,2024-11-01,12:11,SG,FR,8471,IMP8392,EXP2371,187214.44,11720.4,11589.49,34.32,MAERSK,TRANSIT,Cleared,0
CONT146250,2024-11-26,13:44,AU,DE,2710,IMP1011,EXP1194,173784.66,5807.5,5883.69,8.53,PIL,RE-EXPORT,Cleared,0
CONT866759,2024-08-12,17:12,US,CH,9013,IMP2384,EXP9745,58804.93,13968.12,13247.18,37.82,EVERGREEN,TRANSIT,Cleared,0
CONT186803,2024-02-08,00:01,IR,DE,8471,IMP2409,EXP6197,1009.2,10670.06,6866.38,88.18,MSC,IMPORT,Flagged,1
CONT290167,2024-06-10,10:57,PK,DE,8703,IMP7135,EXP6573,9813.41,4152.12,4379.78,19.96,COSCO,TEMP_IMPORT,Cleared,0
CONT682111,2024-12-30,08:58,IQ,AU,6110,IMP6874,EXP6581,136890.41,14258.82,14306.42,33.9,ONE,IMPORT,Pending,0
CONT893070,2024-02-13,17:33,SO,US,6110,IMP4866,EXP1371,168266.29,18151.4,18234.41,9.6,ONE,TRANSIT,Cleared,0
CONT556324,2024-07-19,09:28,IQ,JP,8703,IMP8774,EXP4861,22959.26,17932.8,17312.95,39.87,MSC,TRANSIT,Pending,0
CONT150519,2024-02-23,12:25,NL,CA,2710,IMP2581,EXP2986,98609.24,8408.1,8453.0,10.07,MAERSK,IMPORT,Cleared,0
CONT629882,2024-12-29,08:11,US,FR,7108,IMP2644,EXP4144,66471.69,8651.37,8964.37,9.86,ONE,RE-EXPORT,Cleared,0
CONT577294,2024-12-30,17:21,CA,GB,2710,IMP5039,EXP3035,157167.83,2757.51,2851.97,33.64,YML,TEMP_IMPORT,Cleared,0
CONT184577,2024-10-01,02:05,VE,CA,7108,IMP5837,EXP9105,1338611.64,8990.67,12962.48,141.68,MAERSK,TEMP_IMPORT,Flagged,1
CONT986388,2024-02-15,19:52,GB,JP,9013,IMP5815,EXP2912,95905.41,14874.21,15498.75,12.36,HMM,RE-EXPORT,Cleared,0
CONT867976,2024-08-02,16:44,GB,CA,3004,IMP4569,EXP8707,82207.76,13837.6,13280.44,37.28,HMM,IMPORT,Cleared,0
CONT389385,2024-02-16,23:52,LY,CA,8703,IMP9435,EXP9697,302.04,7836.01,8610.98,0.6,HAPAG,IMPORT,Flagged,1
CONT461659,2024-01-04,06:16,AU,FR,7108,IMP9693,EXP9921,118438.65,13326.54,14303.88,21.66,COSCO,IMPORT,Cleared,0
CONT410929,2024-06-04,09:28,NL,NL,2710,IMP9750,EXP8354,27713.18,2873.29,2826.55,15.19,COSCO,TRANSIT,Cleared,0
CONT195761,2024-03-30,19:52,SD,GB,3004,IMP7396,EXP9448,20636.42,15347.54,15901.19,24.98,PIL,TEMP_IMPORT,Cleared,0
CONT664984,2024-02-02,19:09,CA,FR,6110,IMP8797,EXP1861,12855.68,14719.26,14859.3,21.84,ONE,TEMP_IMPORT,Cleared,0
CONT935488,2024-12-29,22:58,SD,CH,8542,IMP5675,EXP7748,145.81,4564.85,6646.79,0.18,YML,IMPORT,Flagged,1
CONT797974,2024-09-21,17:57,CA,JP,8703,IMP7559,EXP8620,53242.95,9856.21,9766.55,42.12,ONE,TRANSIT,Cleared,0
CONT555433,2024-12-13,08:28,NG,JP,2710,IMP6515,EXP3670,134971.79,5308.68,5303.25,7.52,HAPAG,IMPORT,Cleared,0
CONT545935,2024-01-09,18:13,SG,JP,6110,IMP2016,EXP7470,6430.16,6141.78,6120.33,5.14,ONE,IMPORT,Cleared,0
CONT354371,2024-10-05,22:42,MM,NL,8703,IMP6649,EXP4261,1219507.77,9860.8,7874.03,0.21,MSC,TRANSIT,Seized,1
CONT865359,2024-04-03,04:44,KP,SG,6110,IMP2141,EXP9558,889341.7,5301.62,8005.02,198.53,MSC,TRANSIT,Under Review,1
CONT456386,2024-11-04,12:25,DE,JP,8703,IMP5658,EXP8082,157418.35,7307.74,7002.49,23.23,ONE,TRANSIT,Cleared,0
CONT838471,2024-03-20,00:37,SY,JP,3004,IMP7453,EXP7671,1198883.55,12251.79,14641.84,0.2,CMA CGM,IMPORT,Seized,1
CONT761334,2024-08-12,04:20,IR,DE,2933,IMP6014,EXP2882,877.26,14264.46,11811.23,0.6,MSC,IMPORT,Seized,1
CONT102159,2024-10-27,10:12,JP,CH,8471,IMP7772,EXP2627,55926.67,7741.81,7818.65,34.58,MAERSK,TRANSIT,Cleared,0
CONT351839,2024-08-28,00:51,LY,DE,9013,IMP2058,EXP3048,145.5,6524.95,4739.64,0.25,COSCO,IMPORT,Flagged,1
CONT546991,2024-06-30,08:50,SD,NL,2933,IMP8209,EXP5576,178678.4,11965.22,12486.07,30.27,MSC,IMPORT,Cleared,0
CONT147645,2024-08-31,12:17,DE,CH,9013,IMP5476,EXP1478,88167.45,6821.89,7256.74,31.08,COSCO,TRANSIT,Cleared,0
CONT690611,2024-03-19,10:17,NL,AU,8517,IMP4676,EXP3572,56869.55,6577.16,6839.85,18.64,COSCO,TEMP_IMPORT,Cleared,0
CONT350231,2024-05-20,10:11,IQ,CH,6110,IMP8675,EXP9264,16137.85,3525.63,3376.7,10.06,COSCO,IMPORT,Cleared,0
CONT755538,2024-07-15,19:54,PK,CH,2933,IMP1798,EXP8601,195429.4,4984.12,5145.87,32.41,COSCO,IMPORT,Pending,0
CONT723982,2024-11-13,02:15,PK,JP,9013,IMP4432,EXP3371,1479611.39,11074.99,7730.91,154.59,HMM,IMPORT,Seized,1
CONT120039,2024-07-28,13:27,SD,JP,7108,IMP7738,EXP2577,71151.93,4473.45,4456.85,6.75,MAERSK,IMPORT,Cleared,0
CONT363606,2024-12-02,11:45,NG,NL,9013,IMP8037,EXP5994,58371.2,15916.59,16135.19,44.12,HAPAG,IMPORT,Cleared,0
CONT508456,2024-04-18,16:00,SO,AU,9013,IMP2335,EXP9181,163329.52,7247.63,7509.21,45.61,COSCO,TRANSIT,Cleared,0
CONT382152,2024-05-02,17:10,AF,AU,8542,IMP7004,EXP9881,144905.67,2019.06,2066.03,24.92,COSCO,IMPORT,Cleared,0
CONT283163,2024-01-24,18:51,US,US,3004,IMP6969,EXP5813,143330.82,9757.07,9867.95,8.64,MSC,IMPORT,Cleared,0
CONT992769,2024-12-17,18:31,IQ,NL,7108,IMP7924,EXP9737,50449.2,17387.43,17584.52,34.59,HMM,IMPORT,Cleared,0
CONT377948,2024-09-01,02:21,VE,FR,2710,IMP8951,EXP7449,1967.21,982.39,3767.3,0.76,PIL,TRANSIT,Seized,1
CONT912744,2024-07-15,00:41,LY,SG,2933,IMP6953,EXP9456,709623.63,1167.91,3975.85,105.23,COSCO,IMPORT,Flagged,1
CONT634633,2024-04-14,07:54,DE,US,7108,IMP8867,EXP3365,88954.49,4188.48,4228.9,9.24,MSC,IMPORT,Cleared,0
CONT272857,2024-07-14,00:02,KP,DE,3004,IMP7391,EXP1145,1504273.7,6181.26,8716.17,0.81,PIL,IMPORT,Seized,1
CONT617965,2024-01-09,10:58,CH,CH,8542,IMP8602,EXP4199,198466.45,11229.5,11286.12,41.73,COSCO,RE-EXPORT,Cleared,0
CONT434248,2024-02-11,23:33,LY,JP,8471,IMP8325,EXP3159,451348.57,3996.9,6916.03,125.43,MSC,IMPORT,Flagged,1
CONT745972,2024-07-16,06:36,SD,GB,8471,IMP1178,EXP7362,68625.02,13806.33,13398.86,4.91,EVERGREEN,RE-EXPORT,Cleared,0
CONT532941,2024-07-24,03:13,SD,DE,3004,IMP5703,EXP3706,1689199.75,691.82,1711.83,185.69,MSC,IMPORT,Seized,1
CONT289637,2024-07-29,10:17,FR,CH,8703,IMP6398,EXP7678,132671.44,16766.6,17264.97,22.09,PIL,IMPORT,Cleared,0
CONT206102,2024-07-26,12:13,NG,CA,8542,IMP3460,EXP9737,32533.82,7694.21,7822.85,37.59,MAERSK,RE-EXPORT,Cleared,0
CONT732543,2024-01-06,18:38,JP,GB,8542,IMP3630,EXP4161,140829.47,16692.88,16625.7,44.66,MSC,TRANSIT,Cleared,0
CONT292319,2024-07-05,14:49,PK,US,8542,IMP9321,EXP5734,63480.03,3513.11,3448.36,32.28,COSCO,IMPORT,Cleared,0
CONT931588,2024-06-24,15:42,NL,NL,6110,IMP4237,EXP5136,9942.98,13993.53,13695.56,34.36,YML,IMPORT,Cleared,0
CONT516561,2024-04-03,06:39,US,FR,8542,IMP2738,EXP2364,52882.37,5400.38,5348.76,39.74,EVERGREEN,IMPORT,Cleared,0
CONT151272,2024-01-14,07:48,CH,US,7108,IMP8505,EXP8162,43114.31,11156.63,11518.85,11.31,COSCO,IMPORT,Pending,0
CONT493369,2024-06-22,14:27,PK,CH,8471,IMP7481,EXP6599,49260.82,1942.51,1928.51,36.73,EVERGREEN,IMPORT,Pending,0
CONT456918,2024-06-02,16:34,JP,US,9013,IMP6427,EXP8011,153624.04,11810.15,11218.51,39.72,EVERGREEN,TRANSIT,Cleared,0
CONT889660,2024-12-13,15:05,GB,SG,7108,IMP3713,EXP5185,14996.37,16296.85,16134.21,21.68,ONE,IMPORT,Cleared,0
CONT782265,2024-05-28,01:27,YE,DE,7108,IMP2601,EXP2480,911.5,2038.82,5756.88,0.52,ONE,IMPORT,Seized,1
CONT453791,2024-04-09,12:13,SD,SG,2710,IMP3721,EXP2532,148942.81,3629.0,3748.07,41.71,HAPAG,IMPORT,Pending,0
CONT860330,2024-05-22,22:02,IR,FR,8542,IMP1534,EXP4364,999.53,12710.55,15898.46,0.92,HMM,TRANSIT,Flagged,1
CONT594829,2024-02-03,01:40,SY,AU,8542,IMP2936,EXP1882,1438237.1,1101.71,100.0,194.0,MAERSK,IMPORT,Seized,1
CONT919973,2024-05-04,15:50,AF,DE,2933,IMP7795,EXP7984,118623.8,14441.1,14686.41,9.46,MSC,IMPORT,Cleared,0
CONT949649,2024-12-07,15:20,FR,CA,8517,IMP9669,EXP7998,163563.79,14832.23,14966.18,15.33,ONE,IMPORT,Cleared,0
CONT764471,2024-02-20,07:09,CA,CA,9013,IMP9084,EXP6367,184504.5,1697.55,1591.73,4.53,HAPAG,TRANSIT,Cleared,0
CONT675770,2024-03-14,17:45,SG,CH,2933,IMP8347,EXP9216,157685.05,10032.33,9935.93,37.01,ONE,IMPORT,Cleared,0
CONT749837,2024-09-10,02:23,SD,DE,9013,IMP2565,EXP1308,1893178.41,2210.6,5174.43,0.69,PIL,IMPORT,Under Review,1
CONT305753,2024-10-05,10:58,DE,JP,8703,IMP6839,EXP3880,141668.81,19431.41,19594.95,16.55,YML,IMPORT,Cleared,0
CONT241900,2024-09-14,00:36,SY,DE,3004,IMP4159,EXP7159,752.22,8436.21,11395.04,0.82,ONE,IMPORT,Flagged,1
CONT327693,2024-06-26,14:14,SO,FR,8542,IMP1759,EXP7782,109781.4,4051.28,4174.77,12.45,ONE,TRANSIT,Cleared,0
CONT319631,2024-08-24,12:44,IQ,FR,8471,IMP5314,EXP3508,45762.22,12884.08,12736.13,34.61,ONE,TEMP_IMPORT,Pending,0
CONT120836,2024-09-12,17:47,IQ,CH,8471,IMP8688,EXP4908,115256.11,9084.61,8801.1,4.92,HAPAG,TRANSIT,Cleared,0
CONT636119,2024-04-14,06:07,JP,AU,6110,IMP9959,EXP7450,75863.77,3540.22,3557.96,45.28,PIL,IMPORT,Cleared,0
CONT604655,2024-10-18,09:24,IQ,DE,3004,IMP4019,EXP4681,80508.51,2212.1,2239.8,16.44,COSCO,TRANSIT,Cleared,0
CONT565483,2024-04-25,17:04,FR,CH,8517,IMP3793,EXP8334,81782.25,4432.49,4584.89,30.76,PIL,IMPORT,Cleared,0
CONT723765,2024-05-11,11:48,SG,AU,2933,IMP1835,EXP3262,177446.97,12082.84,11801.05,10.68,MSC,RE-EXPORT,Cleared,0
CONT771183,2024-07-13,23:21,AF,GB,8471,IMP7997,EXP6233,1053.7,7865.26,2959.61,0.75,HMM,TEMP_IMPORT,Seized,1
CONT467508,2024-05-24,12:49,PK,FR,6110,IMP5428,EXP1402,44778.95,11444.63,11784.59,40.36,MSC,IMPORT,Cleared,0
CONT139236,2024-02-24,09:09,GB,DE,8542,IMP1452,EXP7537,96967.14,15820.91,15717.86,14.01,PIL,TRANSIT,Cleared,0
CONT889948,2024-10-22,19:37,JP,GB,2710,IMP4555,EXP6111,20446.56,10909.47,11327.94,6.07,MAERSK,IMPORT,Cleared,0
CONT354043,2024-05-06,15:15,GB,FR,9013,IMP4443,EXP6011,80895.68,10062.68,10260.0,43.05,HAPAG,IMPORT,Pending,0
CONT861058,2024-08-20,15:39,SG,FR,2710,IMP5332,EXP1997,165610.89,9972.72,10069.83,35.2,ONE,IMPORT,Cleared,0
CONT327369,2024-11-10,00:19,IQ,CH,2933,IMP5378,EXP9449,736268.75,7347.28,12098.47,1.21,COSCO,TRANSIT,Under Review,1
CONT726701,2024-11-20,01:17,IQ,JP,8542,IMP6176,EXP1722,421.41,14359.73,11459.77,79.39,MSC,IMPORT,Seized,1
CONT744795,2024-08-01,17:26,JP,SG,2710,IMP2099,EXP4392,179666.64,1259.57,1254.81,5.27,EVERGREEN,IMPORT,Cleared,0
CONT312986,2024-06-15,17:48,IQ,DE,8517,IMP2502,EXP2789,105008.26,3727.35,3674.28,41.17,MSC,IMPORT,Cleared,0
CONT840045,2024-05-29,02:30,VE,DE,3004,IMP5911,EXP1403,1239.23,6219.95,2488.2,116.55,HAPAG,IMPORT,Under Review,1
CONT715781,2024-12-24,07:17,NL,CH,8517,IMP7606,EXP3064,66548.48,7715.99,7607.29,25.6,COSCO,IMPORT,Cleared,0
CONT523327,2024-01-03,22:21,SD,DE,8703,IMP1508,EXP3379,1232.67,6022.91,2476.99,0.49,MAERSK,TRANSIT,Flagged,1
CONT784308,2024-01-24,18:37,GB,JP,7108,IMP1151,EXP1954,153264.0,2701.75,2621.31,35.79,CMA CGM,RE-EXPORT,Cleared,0
CONT190925,2024-11-29,18:12,SG,GB,8703,IMP6904,EXP6360,74938.97,14615.52,15025.06,15.78,CMA CGM,TRANSIT,Cleared,0
CONT184363,2024-08-03,08:04,AF,CH,7108,IMP2036,EXP9684,154417.87,8774.47,9095.69,17.38,YML,IMPORT,Cleared,0
CONT462612,2024-07-02,16:09,CA,AU,8542,IMP6235,EXP8746,58559.84,11797.1,11416.05,24.88,YML,IMPORT,Cleared,0
CONT148784,2024-02-14,12:10,AF,AU,8703,IMP9060,EXP4990,67947.91,6894.47,6898.08,15.36,HAPAG,IMPORT,Cleared,0
CONT578997,2024-04-23,09:46,GB,US,6110,IMP3833,EXP6285,130562.05,3165.35,3037.72,40.71,HAPAG,IMPORT,Cleared,0
CONT173313,2024-06-04,11:01,IQ,JP,2933,IMP4535,EXP6956,199814.65,6634.21,6540.61,13.69,ONE,IMPORT,Cleared,0
CONT803023,2024-12-16,04:18,AF,CH,2933,IMP8743,EXP9540,589.21,9825.01,10830.8,1.36,HAPAG,TRANSIT,Under Review,1
CONT138090,2024-01-21,11:38,GB,CH,8703,IMP4117,EXP5161,158873.74,9816.01,9337.54,30.53,COSCO,RE-EXPORT,Cleared,0
CONT227101,2024-03-09,08:08,US,DE,8517,IMP2211,EXP1229,154735.89,10770.31,10236.03,37.08,PIL,IMPORT,Cleared,0
CONT695644,2024-12-11,19:37,FR,CH,8542,IMP5366,EXP1122,194650.81,2255.05,2272.95,19.84,MAERSK,IMPORT,Cleared,0
CONT548096,2024-04-26,23:06,PK,SG,8703,IMP9391,EXP2982,1374.45,14605.51,17172.38,145.31,EVERGREEN,TRANSIT,Under Review,1
CONT752694,2024-08-19,02:28,SD,AU,8703,IMP5507,EXP7575,1399.2,6851.64,3979.91,95.88,HAPAG,IMPORT,Flagged,1
CONT846716,2024-02-11,17:06,NL,SG,8542,IMP1282,EXP2081,10188.63,7642.67,7286.94,36.35,MSC,TRANSIT,Cleared,0
CONT619493,2024-02-22,11:01,US,CH,8542,IMP4670,EXP3251,105002.9,2470.82,2519.89,19.11,HAPAG,TRANSIT,Cleared,0
CONT568298,2024-08-03,08:21,SO,AU,8542,IMP3892,EXP6577,11437.33,6698.83,6689.21,45.97,CMA CGM,TEMP_IMPORT,Cleared,0
CONT867754,2024-07-11,14:14,SG,DE,8542,IMP2603,EXP2322,130955.94,3785.68,3747.25,14.25,EVERGREEN,IMPORT,Cleared,0
CONT777758,2024-05-11,07:19,DE,NL,8517,IMP9867,EXP2823,55497.51,19694.69,19600.94,42.66,MAERSK,IMPORT,Cleared,0
CONT585443,2024-10-18,00:51,SD,GB,6110,IMP8633,EXP2487,1611.6,5367.39,4396.42,0.69,HMM,IMPORT,Flagged,1
CONT549871,2024-07-06,10:30,GB,US,2710,IMP6192,EXP7622,127603.13,13970.75,14495.65,15.71,MAERSK,IMPORT,Cleared,0
CONT801562,2024-08-16,14:17,SD,JP,7108,IMP5235,EXP1540,30702.33,9873.34,9558.16,43.03,ONE,IMPORT,Cleared,0
CONT561261,2024-05-22,23:05,MM,DE,9013,IMP1681,EXP4932,432084.44,1926.0,6659.38,132.68,COSCO,TRANSIT,Flagged,1
CONT123525,2024-07-14,00:54,SD,NL,8471,IMP2075,EXP4876,430.53,3907.95,8817.07,0.12,YML,IMPORT,Flagged,1
CONT262434,2024-07-03,08:29,CA,DE,2933,IMP7041,EXP5675,72140.07,19781.32,20209.6,6.72,HMM,TRANSIT,Cleared,0
CONT838925,2024-03-09,07:57,JP,DE,8542,IMP2353,EXP1767,16041.98,16596.13,16427.51,9.3,YML,IMPORT,Cleared,0
CONT804824,2024-05-05,08:23,FR,CH,6110,IMP6317,EXP1810,29923.31,10500.64,10446.42,29.62,PIL,RE-EXPORT,Cleared,0
CONT730458,2024-04-23,11:42,GB,FR,9013,IMP5920,EXP3926,33140.85,12481.78,12045.97,8.12,HMM,IMPORT,Cleared,0
CONT411997,2024-03-23,13:49,JP,CH,8542,IMP8867,EXP5264,153660.44,8728.7,9208.33,10.33,MAERSK,IMPORT,Cleared,0
CONT791150,2024-09-25,06:27,IQ,CH,8471,IMP6738,EXP6984,73585.42,19662.87,18981.49,23.37,MSC,IMPORT,Cleared,0
CONT368933,2024-02-15,07:49,SO,US,8703,IMP1105,EXP5753,103941.0,14339.57,14158.93,23.43,HMM,IMPORT,Cleared,0
CONT749868,2024-07-31,01:40,VE,NL,8542,IMP2524,EXP4766,1024.97,4064.37,8307.13,0.98,HMM,IMPORT,Flagged,1
CONT775025,2024-04-12,08:08,AF,JP,7108,IMP6579,EXP5228,171757.24,18738.03,18556.17,19.79,CMA CGM,IMPORT,Cleared,0
CONT150468,2024-06-21,14:15,FR,DE,9013,IMP4170,EXP1355,5949.34,19484.04,19436.76,22.16,ONE,RE-EXPORT,Cleared,0
CONT349495,2024-08-02,08:01,SO,DE,8703,IMP2906,EXP8399,8832.04,6344.41,6069.64,42.69,PIL,TEMP_IMPORT,Pending,0
CONT959734,2024-05-28,14:56,SO,CA,8471,IMP2428,EXP5378,13747.81,12709.52,12525.4,31.39,PIL,IMPORT,Cleared,0
CONT579498,2024-03-09,14:34,PK,FR,8471,IMP6057,EXP4998,44177.71,10193.67,10343.54,39.43,MAERSK,IMPORT,Pending,0
CONT942753,2024-12-24,14:36,JP,JP,6110,IMP3739,EXP1940,13694.68,19246.97,19563.19,10.29,EVERGREEN,IMPORT,Cleared,0
CONT432548,2024-01-13,06:18,CA,JP,2933,IMP5920,EXP3418,45987.43,13679.31,13818.15,18.23,CMA CGM,IMPORT,Cleared,0
CONT860691,2024-11-27,04:12,NG,DE,8542,IMP9742,EXP6720,1282375.66,4171.38,3133.86,168.44,YML,IMPORT,Seized,1
CONT980624,2024-11-14,07:04,SG,GB,8703,IMP4401,EXP8447,24727.3,14679.94,14469.85,31.42,MSC,IMPORT,Cleared,0
CONT838456,2024-10-03,06:16,CH,US,3004,IMP3233,EXP5700,27811.69,1845.67,1822.86,23.94,COSCO,IMPORT,Pending,0
CONT305728,2024-07-07,07:53,SG,NL,8471,IMP8799,EXP9804,100610.94,9966.15,9432.99,41.26,MSC,IMPORT,Cleared,0
CONT259472,2024-01-21,00:49,SY,JP,7108,IMP8151,EXP7952,424022.29,14264.58,10261.65,113.36,HAPAG,IMPORT,Flagged,1
CONT463308,2024-08-13,10:46,DE,CA,8542,IMP4253,EXP4782,100409.46,2455.83,2369.28,16.59,PIL,IMPORT,Cleared,0
CONT717508,2024-10-08,03:08,LY,DE,2710,IMP5415,EXP6959,255683.03,4379.14,7097.78,0.92,COSCO,TRANSIT,Under Review,1
CONT178422,2024-01-15,12:30,SD,GB,6110,IMP3510,EXP5636,5764.08,3159.27,3228.86,47.98,MSC,IMPORT,Cleared,0
CONT108314,2024-05-15,13:28,GB,DE,6110,IMP4345,EXP3486,129293.48,2944.31,3004.87,39.28,MSC,IMPORT,Cleared,0
CONT490555,2024-03-15,19:38,NL,SG,2933,IMP9212,EXP6330,118055.43,18977.55,18896.91,27.77,HAPAG,IMPORT,Cleared,0
CONT493145,2024-05-25,10:32,SO,FR,9013,IMP9434,EXP3800,100345.43,5730.56,5495.87,21.93,MAERSK,RE-EXPORT,Pending,0
CONT466047,2024-05-14,12:29,CA,US,8471,IMP6463,EXP8450,177069.79,1190.2,1164.83,29.15,MSC,IMPORT,Cleared,0
CONT566389,2024-08-21,02:34,SY,DE,7108,IMP4867,EXP4793,562.54,14997.81,11384.14,194.25,MSC,TRANSIT,Seized,1
CONT285784,2024-10-19,12:33,CA,CH,3004,IMP3983,EXP8259,155703.82,3343.05,3173.71,39.34,ONE,IMPORT,Cleared,0
CONT830351,2024-12-25,23:02,NG,JP,3004,IMP2724,EXP7598,1056.04,2259.89,3076.72,1.38,MSC,IMPORT,Flagged,1
CONT902194,2024-02-08,19:54,SO,NL,9013,IMP6193,EXP2214,37994.6,8887.96,8589.31,12.25,COSCO,IMPORT,Cleared,0
CONT234917,2024-04-16,17:58,FR,CA,9013,IMP1378,EXP4293,42162.33,13789.12,14590.63,24.33,MSC,RE-EXPORT,Pending,0
CONT551069,2024-02-09,00:31,MM,GB,6110,IMP8777,EXP5232,1252.91,9067.56,5079.69,0.37,YML,TRANSIT,Seized,1
CONT722561,2024-10-28,12:21,IQ,SG,9013,IMP9998,EXP3722,174279.14,7074.7,6510.46,42.78,MAERSK,IMPORT,Cleared,0
CONT754287,2024-08-08,09:08,FR,CA,8471,IMP8280,EXP5060,162715.89,8147.62,8254.94,19.92,EVERGREEN,IMPORT,Cleared,0
CONT786296,2024-01-11,00:53,PK,US,7108,IMP4622,EXP1823,254.8,10762.42,7806.55,1.04,YML,IMPORT,Flagged,1
CONT329171,2024-03-20,16:06,AF,AU,8703,IMP2500,EXP4641,53255.28,6439.32,6005.66,32.39,ONE,IMPORT,Cleared,0
CONT587707,2024-05-22,03:30,MM,DE,9013,IMP1462,EXP2568,1914543.55,13851.18,16364.93,80.31,COSCO,RE-EXPORT,Under Review,1
CONT469061,2024-03-07,12:44,AU,AU,3004,IMP4620,EXP4190,108360.21,18774.94,18905.89,5.23,MSC,IMPORT,Cleared,0
CONT844854,2024-12-27,19:48,GB,SG,8517,IMP7163,EXP7671,140213.17,15253.06,15665.57,47.59,MAERSK,TRANSIT,Cleared,0
CONT872783,2024-04-05,06:24,SG,NL,3004,IMP9593,EXP1974,14317.37,6977.17,7125.64,19.5,HAPAG,TEMP_IMPORT,Pending,0
CONT158453,2024-07-02,13:56,JP,NL,6110,IMP9795,EXP1581,119415.88,7390.57,7394.88,8.53,COSCO,IMPORT,Cleared,0
CONT790091,2024-02-03,03:49,IR,CA,3004,IMP1889,EXP4061,1347.95,8178.24,11889.67,0.93,ONE,RE-EXPORT,Seized,1
CONT957759,2024-09-23,22:37,NG,US,8703,IMP5584,EXP1686,1413.1,6382.86,9966.27,106.31,MSC,TRANSIT,Seized,1
CONT934799,2024-06-28,11:47,SG,SG,3004,IMP5784,EXP1877,99086.15,11035.38,11117.06,31.39,ONE,IMPORT,Cleared,0
CONT477721,2024-10-06,18:10,FR,AU,2933,IMP9226,EXP5542,85209.41,17934.96,17399.45,10.39,COSCO,TRANSIT,Cleared,0
CONT387740,2024-01-16,09:38,AU,DE,6110,IMP6755,EXP4602,45836.45,7628.54,7937.12,27.63,ONE,IMPORT,Cleared,0
CONT300658,2024-11-21,14:42,DE,AU,3004,IMP4777,EXP6906,27523.64,5419.47,5535.24,18.35,COSCO,IMPORT,Cleared,0
CONT745568,2024-11-28,15:36,FR,US,7108,IMP9128,EXP2075,140790.67,7391.48,7481.83,33.57,CMA CGM,TRANSIT,Cleared,0
CONT945308,2024-06-01,06:01,NG,CA,3004,IMP2877,EXP2699,5312.23,11525.43,11531.02,16.46,HAPAG,TRANSIT,Pending,0
CONT855027,2024-08-07,19:07,FR,SG,9013,IMP8233,EXP2102,93208.84,7481.84,7554.98,11.45,HAPAG,IMPORT,Cleared,0
CONT320994,2024-08-26,14:50,SD,SG,8471,IMP5798,EXP7605,145208.79,7454.16,7816.62,16.63,MAERSK,IMPORT,Cleared,0
CONT771766,2024-06-03,13:57,AU,AU,2933,IMP9940,EXP1804,27765.84,7954.54,7979.66,9.68,HAPAG,TRANSIT,Cleared,0
CONT899458,2024-04-15,11:00,NL,CA,7108,IMP3763,EXP5005,77397.83,4793.73,4993.36,26.07,PIL,TRANSIT,Cleared,0
CONT505257,2024-07-06,12:01,GB,NL,8703,IMP1270,EXP2079,129678.09,3629.55,3663.07,18.87,COSCO,TRANSIT,Pending,0
CONT178113,2024-09-13,00:18,IQ,US,8517,IMP4284,EXP8740,438.83,6748.65,2356.17,0.92,ONE,IMPORT,Flagged,1
CONT991317,2024-01-26,04:01,IQ,SG,8703,IMP1946,EXP2834,756691.37,6220.99,5134.56,0.16,EVERGREEN,IMPORT,Under Review,1
CONT902207,2024-10-14,19:41,CH,CH,8542,IMP5480,EXP1055,110979.46,7682.49,8159.16,7.2,PIL,IMPORT,Cleared,0
CONT483331,2024-06-16,10:44,SG,JP,7108,IMP1104,EXP3047,94572.47,15162.56,14481.99,39.99,HAPAG,IMPORT,Pending,0
CONT986997,2024-03-02,04:07,KP,CH,8471,IMP1238,EXP7843,538395.72,2732.47,5202.48,185.77,MSC,IMPORT,Flagged,1
CONT201551,2024-02-02,16:57,SG,SG,2710,IMP2224,EXP3587,114817.06,4058.7,3946.9,45.53,CMA CGM,RE-EXPORT,Cleared,0
CONT236262,2024-02-25,14:22,US,AU,2933,IMP4034,EXP4262,199951.55,17761.91,18603.68,35.9,HMM,IMPORT,Cleared,0
CONT580675,2024-09-01,15:14,JP,GB,9013,IMP2689,EXP8727,17577.65,12434.7,12277.35,46.79,EVERGREEN,RE-EXPORT,Cleared,0
CONT516512,2024-10-21,12:20,CA,DE,8471,IMP7331,EXP7035,7929.4,12464.68,12304.19,17.76,PIL,TRANSIT,Cleared,0
CONT637732,2024-03-20,06:14,SD,US,8471,IMP1539,EXP6615,112356.33,17161.02,17358.59,40.34,MAERSK,IMPORT,Cleared,0
CONT194154,2024-01-20,00:47,IR,US,2933,IMP8297,EXP4203,1597959.11,3681.15,771.79,0.7,COSCO,RE-EXPORT,Flagged,1
CONT657639,2024-11-01,17:12,NL,US,6110,IMP8083,EXP4401,50650.02,16379.12,16749.09,6.64,EVERGREEN,IMPORT,Cleared,0
CONT633857,2024-06-02,07:29,NG,CH,2933,IMP6234,EXP7902,61323.69,13738.49,14077.03,29.77,COSCO,IMPORT,Cleared,0
CONT400821,2024-12-10,15:18,GB,SG,8542,IMP8593,EXP1680,58662.09,5308.41,5482.33,44.02,COSCO,IMPORT,Cleared,0
CONT104922,2024-10-23,10:47,DE,CA,8517,IMP4167,EXP3997,34696.6,6821.58,6519.42,15.61,YML,TRANSIT,Cleared,0
CONT416689,2024-01-20,03:46,KP,JP,8517,IMP4175,EXP8849,1870.29,1589.28,4183.97,0.25,PIL,IMPORT,Seized,1
CONT695597,2024-01-09,09:29,IQ,US,6110,IMP8844,EXP7111,153755.34,13930.77,14077.86,37.67,COSCO,IMPORT,Cleared,0
CONT829523,2024-12-05,19:03,NG,FR,2933,IMP4587,EXP1076,136103.73,15346.15,15797.33,27.37,PIL,IMPORT,Cleared,0
CONT631598,2024-12-17,03:32,YE,GB,8471,IMP8325,EXP2469,1181.74,2366.94,100.0,111.68,MSC,IMPORT,Seized,1
CONT486354,2024-09-02,16:32,GB,US,8517,IMP6374,EXP3651,110449.3,1134.83,1118.41,33.8,ONE,RE-EXPORT,Cleared,0
CONT248395,2024-03-15,19:28,SD,SG,2933,IMP9853,EXP8187,26915.28,8872.21,9164.73,7.33,MAERSK,RE-EXPORT,Cleared,0
CONT997333,2024-09-26,08:35,DE,CA,8517,IMP9529,EXP7722,171650.71,9978.94,9827.54,39.3,PIL,IMPORT,Cleared,0
CONT937742,2024-12-22,13:54,NG,JP,7108,IMP7265,EXP5136,81439.62,13565.65,14044.53,20.22,ONE,TRANSIT,Cleared,0
CONT613214,2024-02-20,06:08,NG,DE,9013,IMP9812,EXP4790,74498.92,17447.26,17353.43,36.9,COSCO,IMPORT,Cleared,0
CONT236984,2024-01-11,01:08,PK,FR,8517,IMP2725,EXP8522,1740.52,4622.18,7984.78,0.47,COSCO,TRANSIT,Under Review,1
CONT840957,2024-05-23,12:32,US,NL,8517,IMP9205,EXP1256,176259.23,10254.57,10220.73,27.2,PIL,RE-EXPORT,Pending,0
CONT364546,2024-08-02,07:48,CH,CH,9013,IMP1909,EXP1372,92760.13,6391.16,6773.42,18.86,PIL,RE-EXPORT,Cleared,0
CONT240302,2024-09-22,04:40,IQ,CA,2933,IMP8195,EXP7720,737657.56,13179.05,17001.38,0.74,MAERSK,IMPORT,Flagged,1
CONT903789,2024-11-25,13:53,FR,FR,7108,IMP4406,EXP6150,13513.88,16875.86,16397.44,14.41,ONE,IMPORT,Pending,0
CONT106475,2024-11-19,10:46,SO,SG,2933,IMP9283,EXP1446,25494.02,19419.39,18903.03,34.29,YML,IMPORT,Cleared,0
CONT944614,2024-08-29,07:25,CH,DE,9013,IMP7981,EXP9221,154302.21,2566.23,2619.31,7.07,ONE,TRANSIT,Cleared,0
CONT475903,2024-09-18,22:44,IQ,SG,6110,IMP1352,EXP7943,339938.6,3363.01,100.0,145.17,COSCO,TRANSIT,Under Review,1
CONT756225,2024-01-26,10:17,FR,GB,3004,IMP5018,EXP6192,106073.16,17914.19,18336.83,24.32,EVERGREEN,RE-EXPORT,Cleared,0
CONT697202,2024-10-06,10:25,PK,CH,9013,IMP6392,EXP4052,181467.57,6242.64,6137.85,39.99,COSCO,IMPORT,Cleared,0
CONT705058,2024-07-14,06:40,IQ,AU,6110,IMP8986,EXP9462,183332.6,4339.89,4283.1,8.97,YML,IMPORT,Cleared,0
CONT444950,2024-08-10,19:06,IQ,FR,2710,IMP5382,EXP2785,106087.93,3574.82,3507.09,8.95,ONE,IMPORT,Pending,0
CONT381941,2024-12-13,03:23,LY,CH,2933,IMP8939,EXP4081,296674.6,7882.14,11899.5,1.41,HMM,RE-EXPORT,Under Review,1
CONT936209,2024-10-06,12:26,NL,GB,6110,IMP9282,EXP7310,89639.53,12650.24,12792.11,40.05,PIL,IMPORT,Pending,0
CONT965847,2024-04-20,19:25,NL,US,6110,IMP8432,EXP9330,56730.59,18372.47,18841.84,43.77,HAPAG,RE-EXPORT,Cleared,0
CONT938569,2024-02-17,07:09,CA,AU,8517,IMP4988,EXP7203,74224.05,16311.93,16155.29,18.11,MAERSK,TEMP_IMPORT,Pending,0
CONT975952,2024-02-17,19:07,NL,NL,8471,IMP5151,EXP7411,32397.31,2017.95,1872.35,31.39,EVERGREEN,TEMP_IMPORT,Cleared,0
CONT122076,2024-09-29,17:48,US,GB,7108,IMP5529,EXP7786,76003.61,10362.85,10348.78,32.13,HMM,IMPORT,Cleared,0
CONT493852,2024-07-10,11:53,FR,SG,8517,IMP5183,EXP1712,107686.01,19370.45,18653.87,17.34,HAPAG,IMPORT,Cleared,0
CONT883540,2024-11-12,14:45,PK,JP,6110,IMP8939,EXP7963,41882.05,14354.46,14654.87,29.23,ONE,TEMP_IMPORT,Cleared,0
CONT484546,2024-05-11,02:15,VE,US,6110,IMP4960,EXP4811,1073894.81,12530.59,9828.64,158.47,CMA CGM,TEMP_IMPORT,Under Review,1
CONT763440,2024-06-16,16:37,CA,FR,6110,IMP7604,EXP9650,50668.82,14413.82,14052.28,15.86,MSC,IMPORT,Cleared,0
CONT269809,2024-03-01,13:22,SD,CA,8517,IMP8345,EXP3289,119818.0,12479.3,11567.57,7.93,MAERSK,RE-EXPORT,Cleared,0
CONT625128,2024-02-19,04:16,YE,US,3004,IMP1565,EXP7005,1119.5,10966.11,10354.97,1.13,EVERGREEN,IMPORT,Under Review,1
CONT889012,2024-01-21,12:51,JP,US,8517,IMP5019,EXP4138,39264.47,19442.69,19841.75,30.27,MAERSK,IMPORT,Cleared,0
CONT864489,2024-06-23,17:41,SG,JP,9013,IMP2046,EXP3176,33954.22,9433.26,9583.67,28.39,CMA CGM,IMPORT,Cleared,0
CONT961148,2024-12-11,06:03,NG,GB,8471,IMP6901,EXP7129,179865.58,1437.89,1391.19,13.27,MAERSK,IMPORT,Cleared,0
CONT832426,2024-01-29,11:46,FR,SG,3004,IMP6947,EXP7594,43046.22,15451.53,15613.66,43.27,MAERSK,TEMP_IMPORT,Cleared,0
CONT935056,2024-02-24,06:50,SD,CA,8703,IMP2446,EXP7468,76619.15,10109.64,10004.13,44.21,HAPAG,IMPORT,Cleared,0
CONT217729,2024-09-04,03:04,MM,US,9013,IMP1066,EXP9123,124254.31,10633.09,14136.46,0.23,ONE,IMPORT,Flagged,1
CONT420974,2024-05-11,18:33,AF,SG,6110,IMP6024,EXP7264,122699.23,4234.92,4124.27,26.16,EVERGREEN,TRANSIT,Pending,0
CONT945484,2024-09-04,09:25,US,FR,3004,IMP8249,EXP4133,68753.71,8884.96,8700.47,30.69,COSCO,IMPORT,Pending,0
CONT831616,2024-08-29,08:23,NL,DE,2933,IMP1897,EXP1710,114267.99,2071.26,2077.65,36.06,EVERGREEN,IMPORT,Cleared,0
CONT963204,2024-01-09,13:24,NG,CH,2933,IMP1992,EXP5370,101009.73,9667.02,8995.92,5.61,COSCO,TEMP_IMPORT,Cleared,0
CONT768640,2024-06-21,01:03,KP,NL,8703,IMP2663,EXP6591,300.0,11803.21,16541.38,156.73,CMA CGM,TRANSIT,Seized,1
CONT800251,2024-05-04,19:42,IQ,GB,7108,IMP1096,EXP4858,110748.5,10505.8,10471.54,10.52,EVERGREEN,TRANSIT,Cleared,0
CONT965792,2024-07-22,16:05,NG,US,2933,IMP9118,EXP9634,136650.33,11156.54,11029.93,22.37,MSC,TEMP_IMPORT,Cleared,0
CONT784815,2024-12-01,07:46,CA,NL,8703,IMP3484,EXP2854,39453.05,4978.73,5118.94,29.53,HMM,RE-EXPORT,Pending,0
CONT614743,2024-09-17,14:11,SO,SG,2933,IMP8938,EXP7176,67504.55,9519.75,9170.43,36.75,HMM,TRANSIT,Pending,0
CONT593197,2024-11-18,08:22,NL,FR,3004,IMP6873,EXP3284,100277.96,9368.26,9438.36,30.54,ONE,IMPORT,Cleared,0
CONT164373,2024-04-09,06:48,AF,AU,2933,IMP2971,EXP9055,90468.23,7321.11,7408.8,15.56,MSC,IMPORT,Cleared,0
CONT439205,2024-03-29,02:18,SD,NL,6110,IMP9457,EXP7476,309327.03,11409.93,10055.6,76.91,YML,IMPORT,Under Review,1
CONT551598,2024-08-19,09:02,CH,JP,3004,IMP1849,EXP8498,57045.36,18751.13,17708.41,44.9,MAERSK,TRANSIT,Cleared,0
